excel_row,model,variable_name,output_name,source_alias,source_table,source_cell,online_name,中文名,一级分类,二级分类
2,loancntall,loan_total_fee,loan_total_fee,t1,pb_ads_credit.direct_send_in_out_para_data_df,pb_ads_credit.direct_send_in_out_para_data_df,$.loan_total_fee,,,
3,loancntall,loan_total_interest,loan_total_interest,t1,pb_ads_credit.direct_send_in_out_para_data_df,pb_ads_credit.direct_send_in_out_para_data_df,$.loan_total_interest,,,
4,loancntall,loan_interest_days,loan_interest_days,t1,pb_ads_credit.direct_send_in_out_para_data_df,pb_ads_credit.direct_send_in_out_para_data_df,$.loan_interest_days,,,
5,loancntall,max_paid_interest_180d_t79,max_paid_interest_180d_t79,t2,pb_biz_credit.keep_jch_ng_cid_repay_feature_final,pb_biz_credit.keep_jch_ng_cid_repay_feature_final,$.max_paid_interest_180d_t79,近180天最大实付期还利息_t79,还款履约,实际还款行为特征
6,loancntall,press_180d_all,press_180d_all,t3,pb_biz_credit.keep_jch_ng_cid_bal_feature_final,pb_biz_credit.keep_jch_ng_cid_bal_feature_final,$.press_180d_all,近180天：all单位还款压力,账户状态,额度使用与账户余额特征
7,loancntall,latitude,latitude,t1,pb_ads_credit.direct_send_in_out_para_data_df,pb_ads_credit.direct_send_in_out_para_data_df,$.latitude,纬度,授信申请,地理位置与居住工作地特征
8,loancntall,app_version,app_version,t1,pb_ads_credit.direct_send_in_out_para_data_df,pb_ads_credit.direct_send_in_out_para_data_df,$.app_version,APPversion,授信申请,移动设备与APP画像特征
9,loancntall,payer_amount_median_60d_v2,payer_amount_median_60d_v2,t4,pb_ads_credit.ads_ng_risk_pp_cid_character_360d,pb_ads_credit.ads_ng_risk_pp_cid_character_360d,$.payer_amount_median_60d_v2,"付款方: 过去60天 [T-61, T-2] 付款中位数",交易行为,支付交易行为特征
10,loancntall,age,age,t1,pb_ads_credit.direct_send_in_out_para_data_df,pb_ads_credit.direct_send_in_out_para_data_df,$.age,年龄,外部数据,征信/CRC报告特征
11,loancntall,press_90d_all,press_90d_all,t3,pb_biz_credit.keep_jch_ng_cid_bal_feature_final,pb_biz_credit.keep_jch_ng_cid_bal_feature_final,$.press_90d_all,近90天：all单位还款压力,账户状态,额度使用与账户余额特征
12,loancntall,loan_interest_rate,loan_interest_rate,t1,pb_ads_credit.direct_send_in_out_para_data_df,pb_ads_credit.direct_send_in_out_para_data_df,$.loan_interest_rate,,,
13,loancntall,user_withdrawal_ratio_now,user_withdrawal_ratio_now,t1,pb_ads_credit.direct_send_in_out_para_data_df,pb_ads_credit.direct_send_in_out_para_data_df,$.user_withdrawal_ratio_now,客户提现金额/当前额度的比例,账户状态,额度使用与账户余额特征
14,loancntall,reg_day,reg_day,t1,pb_ads_credit.direct_send_in_out_para_data_df,pb_ads_credit.direct_send_in_out_para_data_df,$.reg_day,距离注册时间天数,授信申请,申请行为特征
15,loancntall,n_loan_period_days,n_loan_period_days,t1,pb_ads_credit.direct_send_in_out_para_data_df,pb_ads_credit.direct_send_in_out_para_data_df,pb_ads_credit.direct_send_in_out_para_data_df,,,
16,loancntall,usr_overdue_days_max,usr_overdue_days_max,t1,pb_ads_credit.direct_send_in_out_para_data_df,pb_ads_credit.direct_send_in_out_para_data_df,$.usr_overdue_days_max,现金贷.usr_overdue_days_max,逾期催收,逾期表现特征
17,loancntall,ng_pp_total_balance_off,ng_pp_total_balance_off,t1,pb_ads_credit.direct_send_in_out_para_data_df,pb_ads_credit.direct_send_in_out_para_data_df,$.ng_pp_total_balance_off,当前资产总额,账户状态,额度使用与账户余额特征
18,loancntall,pp_max_nibssfund_amt_3d,pp_max_nibssfund_amt_3d,t1,pb_ads_credit.direct_send_in_out_para_data_df,pb_ads_credit.direct_send_in_out_para_data_df,$.pp_max_nibssfund_amt_3d,PP近3天nibss最大入金金额,交易行为,支付交易行为特征
19,loancntall,max_trans_amt_1m,max_trans_amt_1m,t1,pb_ads_credit.direct_send_in_out_para_data_df,pb_ads_credit.direct_send_in_out_para_data_df,$.max_trans_amt_1m,现金贷.平台交易.max_trans_amt_1m,交易行为,支付交易行为特征
20,loancntall,cust_curr_overdue_bill_amt,cust_curr_overdue_bill_amt,t1,pb_ads_credit.direct_send_in_out_para_data_df,pb_ads_credit.direct_send_in_out_para_data_df,$.cust_curr_overdue_bill_amt,客户当前逾期的出账金额,逾期催收,逾期表现特征
21,loancntall,c_first_3dig_bvn,c_first_3dig_bvn,t1,pb_ads_credit.direct_send_in_out_para_data_df,pb_ads_credit.direct_send_in_out_para_data_df,$.c_first_3dig_bvn,Cfirst3digBVN,外部数据,征信/CRC报告特征
22,loancntall,pp_payoff_cnt,pp_payoff_cnt,t1,pb_ads_credit.direct_send_in_out_para_data_df,pb_ads_credit.direct_send_in_out_para_data_df,$.pp_payoff_cnt,C侧.pp端信息.用户在pp金融还清次数,还款履约,实际还款行为特征
23,loancntall,loan_net_inflow_90d_v2,loan_net_inflow_90d_v2,t4,pb_ads_credit.ads_ng_risk_pp_cid_character_360d,pb_ads_credit.ads_ng_risk_pp_cid_character_360d,$.loan_net_inflow_90d_v2,近90天借款入金-还款出金净额,交易行为,支付交易行为特征
24,loancntall,loan_net_inflow_60d_v2,loan_net_inflow_60d_v2,t4,pb_ads_credit.ads_ng_risk_pp_cid_character_360d,pb_ads_credit.ads_ng_risk_pp_cid_character_360d,$.loan_net_inflow_60d_v2,近60天借款入金-还款出金净额,交易行为,支付交易行为特征
25,loancntall,other_self_airtime_cnts,other_self_airtime_cnts,t1,pb_ads_credit.direct_send_in_out_para_data_df,pb_ads_credit.direct_send_in_out_para_data_df,$.other_self_airtime_cnts,一个手机平均被多少人充值,交易行为,支付交易行为特征
26,loancntall,bus_pp_30d_aum,bus_pp_30d_aum,t1,pb_ads_credit.direct_send_in_out_para_data_df,pb_ads_credit.direct_send_in_out_para_data_df,$.bus_pp_30d_aum,近30天平台日均余额,账户状态,额度使用与账户余额特征
27,loancntall,loan_penalty_rate,loan_penalty_rate,t1,pb_ads_credit.direct_send_in_out_para_data_df,pb_ads_credit.direct_send_in_out_para_data_df,$.loan_penalty_rate,,,
28,loancntall,one_period_days,one_period_days,t1,pb_ads_credit.direct_send_in_out_para_data_df,pb_ads_credit.direct_send_in_out_para_data_df,$.one_period_days,,,
29,loancntall,last_initiative_pay_days,last_initiative_pay_days,t5,pb_biz_credit.ng_customer_pay_plan_flow_feas,pb_biz_credit.ng_customer_pay_plan_flow_feas,,最近一次主动还款距今天数,还款履约,还款计划与账单流水特征
30,loancntall,ng_ins_increase_currd_total_amt,ng_ins_increase_currd_total_amt,t1,pb_ads_credit.direct_send_in_out_para_data_df,pb_ads_credit.direct_send_in_out_para_data_df,$.ng_ins_increase_currd_total_amt,分期当日提额金额,账户状态,授信额度特征
31,loancntall,deduct_ratio_due_180d_t79,deduct_ratio_due_180d_t79,t2,pb_biz_credit.keep_jch_ng_cid_repay_feature_final,pb_biz_credit.keep_jch_ng_cid_repay_feature_final,$.deduct_ratio_due_180d_t79,79类账户：近180天每期平均代扣还款笔数(代扣笔数/应还期数),还款履约,实际还款行为特征
32,loancntall,cash_cur_day_ser_increase_cnt,cash_cur_day_ser_increase_cnt,t1,pb_ads_credit.direct_send_in_out_para_data_df,pb_ads_credit.direct_send_in_out_para_data_df,$.cash_cur_day_ser_increase_cnt,cash当天结清提额次数,还款履约,实际还款行为特征
33,loancntall,loan_cust_account_status,loan_cust_account_status,t1,pb_ads_credit.direct_send_in_out_para_data_df,pb_ads_credit.direct_send_in_out_para_data_df,$.loan_cust_account_status,,,
34,loancntall,cv_util_180d_all,cv_util_180d_all,t6,pb_biz_credit.keep_jch_ng_cid_util_feature_final,pb_biz_credit.keep_jch_ng_cid_util_feature_final,$.cv_util_180d_all,近180天：all util变异系数,账户状态,额度使用与账户余额特征
35,loancntall,pp_trans_amt_7d,pp_trans_amt_7d,t1,pb_ads_credit.direct_send_in_out_para_data_df,pb_ads_credit.direct_send_in_out_para_data_df,$.pp_trans_amt_7d,PP近7天交易总金额,交易行为,支付交易行为特征
36,loancntall,pp_register_software,pp_register_software,t1,pb_ads_credit.direct_send_in_out_para_data_df,pb_ads_credit.direct_send_in_out_para_data_df,$.pp_register_software,pp注册软件,授信申请,申请行为特征
37,loancntall,days_since_registration,days_since_registration,t7,pb_biz_credit.keep_jch_ng_cid_apply_feature_final,pb_biz_credit.keep_jch_ng_cid_apply_feature_final,$.days_since_registration,注册距今天数,授信申请,申请行为特征
38,loancntall,avg_balance_when_gt_0_90d,avg_balance_when_gt_0_90d,t1,pb_ads_credit.direct_send_in_out_para_data_df,pb_ads_credit.direct_send_in_out_para_data_df,$.avg_balance_when_gt_0_90d,近90天有资产天数日均总资产金额,账户状态,额度使用与账户余额特征
39,loancntall,max_trans_amt_6m,max_trans_amt_6m,t1,pb_ads_credit.direct_send_in_out_para_data_df,pb_ads_credit.direct_send_in_out_para_data_df,$.max_trans_amt_6m,现金贷.平台交易.max_trans_amt_6m,交易行为,支付交易行为特征
40,loancntall,available_balance_pp,available_balance_pp,t1,pb_ads_credit.direct_send_in_out_para_data_df,pb_ads_credit.direct_send_in_out_para_data_df,$.available_balance_pp,当前余额,账户状态,额度使用与账户余额特征
41,loancntall,payer_amount_median_15d_v2,payer_amount_median_15d_v2,t4,pb_ads_credit.ads_ng_risk_pp_cid_character_360d,pb_ads_credit.ads_ng_risk_pp_cid_character_360d,,"付款方: 过去15天 [T-16, T-2] 付款中位数",交易行为,支付交易行为特征
42,loancntall,first_initiative_pay_days,first_initiative_pay_days,t5,pb_biz_credit.ng_customer_pay_plan_flow_feas,pb_biz_credit.ng_customer_pay_plan_flow_feas,,最早一次主动还款距今天数,还款履约,还款计划与账单流水特征
43,loancntall,pp_nibssfund_amt_3d,pp_nibssfund_amt_3d,t1,pb_ads_credit.direct_send_in_out_para_data_df,pb_ads_credit.direct_send_in_out_para_data_df,$.pp_nibssfund_amt_3d,PP近3天nibss入金金额,交易行为,支付交易行为特征
44,loancntall,payer_repay_cnt_360d_v2,payer_repay_cnt_360d_v2,t1,pb_ads_credit.direct_send_in_out_para_data_df,pb_ads_credit.direct_send_in_out_para_data_df,$.payer_repay_cnt_360d_v2,"类别: 过去360天 [T-361, T-2] 还款(j7,g7)笔数",交易行为,支付交易行为特征
45,loancntall,num_device_count,num_device_count,t1,pb_ads_credit.direct_send_in_out_para_data_df,pb_ads_credit.direct_send_in_out_para_data_df,$.num_device_count,,,
46,loancntall,ng_same_nin_max_cur_overdue_day_cash_rt,ng_same_nin_max_cur_overdue_day_cash_rt,t1,pb_ads_credit.direct_send_in_out_para_data_df,pb_ads_credit.direct_send_in_out_para_data_df,$.ng_same_nin_max_cur_overdue_day_cash_rt,相同nin对应不同cash账户当前最大逾期天数,逾期催收,逾期表现特征
47,loancntall,press_15d_t9,press_15d_t9,t3,pb_biz_credit.keep_jch_ng_cid_bal_feature_final,pb_biz_credit.keep_jch_ng_cid_bal_feature_final,,近15天：t9单位还款压力,账户状态,额度使用与账户余额特征
48,loancntall,total_storage,total_storage,t1,pb_ads_credit.direct_send_in_out_para_data_df,pb_ads_credit.direct_send_in_out_para_data_df,$.total_storage,总storage,授信申请,移动设备与APP画像特征
49,loancntall,payee_txn_per_day_360d_v2,payee_txn_per_day_360d_v2,t4,pb_ads_credit.ads_ng_risk_pp_cid_character_360d,pb_ads_credit.ads_ng_risk_pp_cid_character_360d,,"收款方: 过去360天 [T-361, T-2] 日均收款笔数 (用首T-2至今T-2天数做分母)",交易行为,支付交易行为特征
50,loancntall,press_prev90d_all,press_prev90d_all,t3,pb_biz_credit.keep_jch_ng_cid_bal_feature_final,pb_biz_credit.keep_jch_ng_cid_bal_feature_final,$.press_prev90d_all,"上90天窗口(90,180]：all单位还款压力",账户状态,额度使用与账户余额特征
51,loancntall,last_pay_days,last_pay_days,t5,pb_biz_credit.ng_customer_pay_plan_flow_feas,pb_biz_credit.ng_customer_pay_plan_flow_feas,,最近一次还款距今天数,还款履约,还款计划与账单流水特征
52,loancntall,max_od_days_180d_79,max_od_days_180d_79,t8,pb_biz_credit.keep_ng_jch_cid_overdue_feature_final,pb_biz_credit.keep_ng_jch_cid_overdue_feature_final,$.max_od_days_180d_79,产品79: 近180天最大逾期天数,逾期催收,逾期表现特征
53,loancntall,ng_cash_success_loan_cnt_d3,ng_cash_success_loan_cnt_d3,t1,pb_ads_credit.direct_send_in_out_para_data_df,pb_ads_credit.direct_send_in_out_para_data_df,$.ng_cash_success_loan_cnt_d3,客户最近3天成功交易笔数,还款履约,还款计划与账单流水特征
54,loancntall,transfer_cnt_1m,transfer_cnt_1m,t1,pb_ads_credit.direct_send_in_out_para_data_df,pb_ads_credit.direct_send_in_out_para_data_df,$.transfer_cnt_1m,近一个月转账次数,交易行为,支付交易行为特征
55,loancntall,databundle_airtime_amt_1m,databundle_airtime_amt_1m,t1,pb_ads_credit.direct_send_in_out_para_data_df,pb_ads_credit.direct_send_in_out_para_data_df,$.databundle_airtime_amt_1m,近一个月流量和花费缴费金额,交易行为,支付交易行为特征
56,loancntall,ng_cash_settle_ratio,ng_cash_settle_ratio,t1,pb_ads_credit.direct_send_in_out_para_data_df,pb_ads_credit.direct_send_in_out_para_data_df,$.ng_cash_settle_ratio,提前结清笔数占放款笔数,还款履约,实际还款行为特征
57,loancntall,last_util_1_all,last_util_1_all,t6,pb_biz_credit.keep_jch_ng_cid_util_feature_final,pb_biz_credit.keep_jch_ng_cid_util_feature_final,$.last_util_1_all,all：最近第1笔 util,账户状态,额度使用与账户余额特征
58,loancntall,trans_days_60d,trans_days_60d,t1,pb_ads_credit.direct_send_in_out_para_data_df,pb_ads_credit.direct_send_in_out_para_data_df,$.trans_days_60d,近60天交易天数,交易行为,支付交易行为特征
59,loancntall,payee_unique_payer_count_7d_v2,payee_unique_payer_count_7d_v2,t4,pb_ads_credit.ads_ng_risk_pp_cid_character_360d,pb_ads_credit.ads_ng_risk_pp_cid_character_360d,,"收款方: 过去7天 [T-8, T-2] 独立付款人数",交易行为,支付交易行为特征
60,loancntall,if_register_palmpay_device,if_register_palmpay_device,t1,pb_ads_credit.direct_send_in_out_para_data_df,pb_ads_credit.direct_send_in_out_para_data_df,$.if_register_palmpay_device,,,
61,loancntall,util_180d_sumratio_all,util_180d_sumratio_all,t6,pb_biz_credit.keep_jch_ng_cid_util_feature_final,pb_biz_credit.keep_jch_ng_cid_util_feature_final,$.util_180d_sumratio_all,近180天：all整体util（sumratio）,账户状态,额度使用与账户余额特征
62,loancntall,ng_cash_withdraw_jy_reject_cnt,ng_cash_withdraw_jy_reject_cnt,t1,pb_ads_credit.direct_send_in_out_para_data_df,pb_ads_credit.direct_send_in_out_para_data_df,$.ng_cash_withdraw_jy_reject_cnt,尼日利亚Cash提现JY拒绝次数,账户状态,额度使用与账户余额特征
63,loancntall,cash_days_from_last_incresed,cash_days_from_last_incresed,t1,pb_ads_credit.direct_send_in_out_para_data_df,pb_ads_credit.direct_send_in_out_para_data_df,$.cash_days_from_last_incresed,cash上次提额距离今天数,账户状态,授信额度特征
64,loancntall,ng_applist_pkgname_last_30_day_pd3_best5_cnt,ng_applist_pkgname_last_30_day_pd3_best5_cnt,t1,pb_ads_credit.direct_send_in_out_para_data_df,pb_ads_credit.direct_send_in_out_para_data_df,$.ng_applist_pkgname_last_30_day_pd3_best5_cnt,app_package_name击中近30天pd3表现最好的5个package_name的数量,授信申请,移动设备与APP画像特征
65,loancntall,press_60d_all,press_60d_all,t3,pb_biz_credit.keep_jch_ng_cid_bal_feature_final,pb_biz_credit.keep_jch_ng_cid_bal_feature_final,$.press_60d_all,近60天：all单位还款压力,账户状态,额度使用与账户余额特征
66,loancntall,ng_cash_success_loan_cnt_d14,ng_cash_success_loan_cnt_d14,t1,pb_ads_credit.direct_send_in_out_para_data_df,pb_ads_credit.direct_send_in_out_para_data_df,$.ng_cash_success_loan_cnt_d14,,,
67,loancntall,max_authen_days,max_authen_days,t1,pb_ads_credit.direct_send_in_out_para_data_df,pb_ads_credit.direct_send_in_out_para_data_df,$.max_authen_days,最近认证成功距今时间,授信申请,申请行为特征
68,loancntall,p20_total_finsave_amt_d30,p20_total_finsave_amt_d30,t1,pb_ads_credit.direct_send_in_out_para_data_df,pb_ads_credit.direct_send_in_out_para_data_df,$.p20_total_finsave_amt_d30,近30天理财余额20分位数,账户状态,额度使用与账户余额特征
69,loancntall,total_vat_7d,total_vat_7d,t1,pb_ads_credit.direct_send_in_out_para_data_df,pb_ads_credit.direct_send_in_out_para_data_df,$.total_vat_7d,近7天平均交易额,交易行为,支付交易行为特征
70,loancntall,n_cust_max_overdue_days,n_cust_max_overdue_days,t1,pb_ads_credit.direct_send_in_out_para_data_df,pb_ads_credit.direct_send_in_out_para_data_df,pb_ads_credit.direct_send_in_out_para_data_df,,,
71,loancntall,ins_max_cur_overdue_day_for_loan,ins_max_cur_overdue_day_for_loan,t1,pb_ads_credit.direct_send_in_out_para_data_df,pb_ads_credit.direct_send_in_out_para_data_df,$.ins_max_cur_overdue_day_for_loan,,,
72,loancntall,ng_cash_loan_cnt_7d,ng_cash_loan_cnt_7d,t1,pb_ads_credit.direct_send_in_out_para_data_df,pb_ads_credit.direct_send_in_out_para_data_df,$.ng_cash_loan_cnt_7d,近7天借款笔数,还款履约,还款计划与账单流水特征
73,loancntall,bank_cnt_90d,bank_cnt_90d,t9,pb_biz_credit.keep_jch_ng_cid_multi_loan_feature_final,"pb_biz_credit.keep_jch_ng_cid_multi_loan_feature_final, pb_biz_credit.keep_ng_jch_bvn_nin_phn_multi_loan_feature",$.bank_cnt_90d,近90天银行/账户类产品查询次数,外部数据,多头查询与多证件关联特征
73,loancntall,bank_cnt_90d,bank_cnt_90d_v1,t10,pb_biz_credit.keep_ng_jch_bvn_nin_phn_multi_loan_feature,"pb_biz_credit.keep_jch_ng_cid_multi_loan_feature_final, pb_biz_credit.keep_ng_jch_bvn_nin_phn_multi_loan_feature",$.bank_cnt_90d,近90天银行/账户类产品查询次数,外部数据,多头查询与多证件关联特征
74,loancntall,pp_last_reg_days,pp_last_reg_days,t1,pb_ads_credit.direct_send_in_out_para_data_df,pb_ads_credit.direct_send_in_out_para_data_df,$.pp_last_reg_days,最近一次平台登录时间距当前天数,授信申请,申请行为特征
75,loancntall,hours_since_last_launch,hours_since_last_launch,t1,pb_ads_credit.direct_send_in_out_para_data_df,pb_ads_credit.direct_send_in_out_para_data_df,$.hours_since_last_launch,hourssince最近launch,授信申请,移动设备与APP画像特征
76,loancntall,other_airtime_cnt,other_airtime_cnt,t1,pb_ads_credit.direct_send_in_out_para_data_df,pb_ads_credit.direct_send_in_out_para_data_df,$.other_airtime_cnt,,,
77,loancntall,cust_last_market_increase_days,cust_last_market_increase_days,t1,pb_ads_credit.direct_send_in_out_para_data_df,pb_ads_credit.direct_send_in_out_para_data_df,$.cust_last_market_increase_days,cust最近market提额天数,账户状态,授信额度特征
78,loancntall,pp_trans_days_14d,pp_trans_days_14d,t1,pb_ads_credit.direct_send_in_out_para_data_df,pb_ads_credit.direct_send_in_out_para_data_df,$.pp_trans_days_14d,PP近14天交易天数,交易行为,支付交易行为特征
79,loancntall,phone_model,phone_model,t1,pb_ads_credit.direct_send_in_out_para_data_df,pb_ads_credit.direct_send_in_out_para_data_df,$.phone_model,设备型号,授信申请,移动设备与APP画像特征
80,loancntall,ratio_install_90d,ratio_install_90d,t1,pb_ads_credit.direct_send_in_out_para_data_df,pb_ads_credit.direct_send_in_out_para_data_df,$.ratio_install_90d,近90天安装APP占比,授信申请,移动设备与APP画像特征
81,loancntall,ng_ins_reg_sx_days,ng_ins_reg_sx_days,t1,pb_ads_credit.direct_send_in_out_para_data_df,pb_ads_credit.direct_send_in_out_para_data_df,$.ng_ins_reg_sx_days,ins分期账户授信到注册天数,还款履约,还款计划与账单流水特征
82,loancntall,min_authen_days,min_authen_days,t1,pb_ads_credit.direct_send_in_out_para_data_df,pb_ads_credit.direct_send_in_out_para_data_df,$.min_authen_days,最早认证成功距今时间,授信申请,申请行为特征
83,loancntall,pc_counter_sx_curday_succ_cnt,pc_counter_sx_curday_succ_cnt,t1,pb_ads_credit.direct_send_in_out_para_data_df,pb_ads_credit.direct_send_in_out_para_data_df,$.pc_counter_sx_curday_succ_cnt,一体卡当天收银台授信成功客户数,授信申请,申请行为特征
84,loancntall,ng_collect_cuiji_ptp_times_30d,ng_collect_cuiji_ptp_times_30d,t1,pb_ads_credit.direct_send_in_out_para_data_df,pb_ads_credit.direct_send_in_out_para_data_df,$.ng_collect_cuiji_ptp_times_30d,近30天PTP次数,逾期催收,逾期表现特征
85,loancntall,payer_txn_per_day_360d_v2,payer_txn_per_day_360d_v2,t4,pb_ads_credit.ads_ng_risk_pp_cid_character_360d,pb_ads_credit.ads_ng_risk_pp_cid_character_360d,,"付款方: 过去360天 [T-361, T-2] 日均付款笔数 (用首T-2至今T-2天数做分母)",交易行为,支付交易行为特征
86,loancntall,payer_low_mcht_amt_share_360d_v2,payer_low_mcht_amt_share_360d_v2,t4,pb_ads_credit.ads_ng_risk_pp_cid_character_360d,pb_ads_credit.ads_ng_risk_pp_cid_character_360d,,付款方: 近360天低质商户金额占比,交易行为,支付交易行为特征
87,loancntall,ng_total_loyalty_cnt_rate,ng_total_loyalty_cnt_rate,t1,pb_ads_credit.direct_send_in_out_para_data_df,pb_ads_credit.direct_send_in_out_para_data_df,$.ng_total_loyalty_cnt_rate,,,
88,loancntall,last_overdue_gap_to_asof_days_79,last_overdue_gap_to_asof_days_79,t8,pb_biz_credit.keep_ng_jch_cid_overdue_feature_final,pb_biz_credit.keep_ng_jch_cid_overdue_feature_final,$.last_overdue_gap_to_asof_days_79,产品79: 距最近一次逾期应还日的间隔天数（7+9合并）,逾期催收,逾期表现特征
89,loancntall,total_memory,total_memory,t1,pb_ads_credit.direct_send_in_out_para_data_df,pb_ads_credit.direct_send_in_out_para_data_df,$.total_memory,总memory,授信申请,移动设备与APP画像特征
90,loancntall,transfer_cnt_3m,transfer_cnt_3m,t1,pb_ads_credit.direct_send_in_out_para_data_df,pb_ads_credit.direct_send_in_out_para_data_df,$.transfer_cnt_3m,近3个月转账次数,交易行为,支付交易行为特征
91,loancntall,c_gender,c_gender,t1,pb_ads_credit.direct_send_in_out_para_data_df,pb_ads_credit.direct_send_in_out_para_data_df,$.c_gender,C性别,外部数据,征信/CRC报告特征
92,loancntall,payee_txn_per_day_180d_v2,payee_txn_per_day_180d_v2,t4,pb_ads_credit.ads_ng_risk_pp_cid_character_360d,pb_ads_credit.ads_ng_risk_pp_cid_character_360d,$.payee_txn_per_day_180d_v2,"收款方: 过去180天 [T-181, T-2] 日均收款笔数 (用首T-2至今T-2天数做分母)",交易行为,支付交易行为特征
93,loancntall,max_od_days_30d_79,max_od_days_30d_79,t8,pb_biz_credit.keep_ng_jch_cid_overdue_feature_final,pb_biz_credit.keep_ng_jch_cid_overdue_feature_final,$.max_od_days_30d_79,产品79: 近30天最大逾期天数,逾期催收,逾期表现特征
94,loancntall,payee_recent_180_amount_share_15d_v2,payee_recent_180_amount_share_15d_v2,t4,pb_ads_credit.ads_ng_risk_pp_cid_character_360d,pb_ads_credit.ads_ng_risk_pp_cid_character_360d,$.payee_recent_180_amount_share_15d_v2,收款方: 近15天金额 / 近180天金额,交易行为,支付交易行为特征
95,loancntall,installment_loan_rank,installment_loan_rank,t1,pb_ads_credit.direct_send_in_out_para_data_df,pb_ads_credit.direct_send_in_out_para_data_df,$.installment_loan_rank,子账户这笔借据属于该账户的第几次借款(含分期和单期订单排序),账户状态,借款期限特征
96,loancntall,self_airtime_vat,self_airtime_vat,t1,pb_ads_credit.direct_send_in_out_para_data_df,pb_ads_credit.direct_send_in_out_para_data_df,$.self_airtime_vat,为自己手机充值话费平均额,交易行为,支付交易行为特征
97,loancntall,ng_appname_opay_dd,ng_appname_opay_dd,t1,pb_ads_credit.direct_send_in_out_para_data_df,pb_ads_credit.direct_send_in_out_para_data_df,$.ng_appname_opay_dd,OPay app安装时长,授信申请,移动设备与APP画像特征
98,loancntall,avg_util_180d_all,avg_util_180d_all,t6,pb_biz_credit.keep_jch_ng_cid_util_feature_final,pb_biz_credit.keep_jch_ng_cid_util_feature_final,$.avg_util_180d_all,近180天：all单笔util均值,账户状态,额度使用与账户余额特征
99,loancntall,min_util_180d_all,min_util_180d_all,t6,pb_biz_credit.keep_jch_ng_cid_util_feature_final,pb_biz_credit.keep_jch_ng_cid_util_feature_final,$.min_util_180d_all,近180天：all单笔util最小值,账户状态,额度使用与账户余额特征
100,loancntall,max_od_days_90d_79,max_od_days_90d_79,t8,pb_biz_credit.keep_ng_jch_cid_overdue_feature_final,pb_biz_credit.keep_ng_jch_cid_overdue_feature_final,$.max_od_days_90d_79,产品79: 近90天最大逾期天数,逾期催收,逾期表现特征
101,loancntall,ng_loan_continue_reject_cnt3,ng_loan_continue_reject_cnt3,t1,pb_ads_credit.direct_send_in_out_para_data_df,pb_ads_credit.direct_send_in_out_para_data_df,$.ng_loan_continue_reject_cnt3,尼日利亚贷款连续拒绝cnt3,授信申请,申请行为特征
102,loancntall,max_continue_days,max_continue_days,t1,pb_ads_credit.direct_send_in_out_para_data_df,pb_ads_credit.direct_send_in_out_para_data_df,$.max_continue_days,,,
103,loancntall,ng_max_trans_amt,ng_max_trans_amt,t1,pb_ads_credit.direct_send_in_out_para_data_df,pb_ads_credit.direct_send_in_out_para_data_df,$.ng_max_trans_amt,,,
104,loancntall,fail_txn_ratio_360d_v2,fail_txn_ratio_360d_v2,t4,pb_ads_credit.ads_ng_risk_pp_cid_character_360d,pb_ads_credit.ads_ng_risk_pp_cid_character_360d,$.fail_txn_ratio_360d_v2,近360天失败率(失败/总尝试),交易行为,支付交易行为特征
105,loancntall,max_paid_interest_90d_ratio_prev_t79,max_paid_interest_90d_ratio_prev_t79,t2,pb_biz_credit.keep_jch_ng_cid_repay_feature_final,pb_biz_credit.keep_jch_ng_cid_repay_feature_final,$.max_paid_interest_90d_ratio_prev_t79,最大实付期还利息近90d环比_t79,还款履约,实际还款行为特征
106,loancntall,self_airtime_vat_60d,self_airtime_vat_60d,t1,pb_ads_credit.direct_send_in_out_para_data_df,pb_ads_credit.direct_send_in_out_para_data_df,$.self_airtime_vat_60d,近60天平均话费额,交易行为,支付交易行为特征
107,loancntall,pp_register_second_channel,pp_register_second_channel,t1,pb_ads_credit.direct_send_in_out_para_data_df,pb_ads_credit.direct_send_in_out_para_data_df,$.pp_register_second_channel,,,
108,loancntall,app38_install_days,app38_install_days,t1,pb_ads_credit.direct_send_in_out_para_data_df,pb_ads_credit.direct_send_in_out_para_data_df,$.app38_install_days,com.whatsapp安装时长,授信申请,移动设备与APP画像特征
109,loancntall,total_daily_vat_14d,total_daily_vat_14d,t1,pb_ads_credit.direct_send_in_out_para_data_df,pb_ads_credit.direct_send_in_out_para_data_df,$.total_daily_vat_14d,近14天平均交易次数,交易行为,支付交易行为特征
110,loancntall,trans_days_cnt,trans_days_cnt,t1,pb_ads_credit.direct_send_in_out_para_data_df,pb_ads_credit.direct_send_in_out_para_data_df,$.trans_days_cnt,交易天数,交易行为,支付交易行为特征
111,loancntall,max_verify_days,max_verify_days,t1,pb_ads_credit.direct_send_in_out_para_data_df,pb_ads_credit.direct_send_in_out_para_data_df,$.max_verify_days,最近手机验证距今天数,授信申请,申请行为特征
112,loancntall,payer_success_rate_60d_v2,payer_success_rate_60d_v2,t4,pb_ads_credit.ads_ng_risk_pp_cid_character_360d,pb_ads_credit.ads_ng_risk_pp_cid_character_360d,$.payer_success_rate_60d_v2,付款方: 近60天交易成功率(1/(1+2+7)),交易行为,支付交易行为特征
113,loancntall,press_over_quota_180d_all,press_over_quota_180d_all,t3,pb_biz_credit.keep_jch_ng_cid_bal_feature_final,pb_biz_credit.keep_jch_ng_cid_bal_feature_final,,近180天：all压力/额度,账户状态,额度使用与账户余额特征
114,loancntall,last1_od_days_79,last1_od_days_79,t8,pb_biz_credit.keep_ng_jch_cid_overdue_feature_final,pb_biz_credit.keep_ng_jch_cid_overdue_feature_final,$.last1_od_days_79,产品79: 最近第1笔贷款最大逾期天数（7+9合并）,逾期催收,逾期表现特征
115,loancntall,coupon_amt,coupon_amt,t1,pb_ads_credit.direct_send_in_out_para_data_df,pb_ads_credit.direct_send_in_out_para_data_df,$.coupon_amt,历史券抵扣金额,交易行为,支付交易行为特征
116,loancntall,payee_recent_360_txn_share_7d_v2,payee_recent_360_txn_share_7d_v2,t4,pb_ads_credit.ads_ng_risk_pp_cid_character_360d,pb_ads_credit.ads_ng_risk_pp_cid_character_360d,$.payee_recent_360_txn_share_7d_v2,收款方: 近7天笔数 / 近360天笔数,交易行为,支付交易行为特征
117,loancntall,ratio_balance_cashbox_all,ratio_balance_cashbox_all,t11,pb_biz_credit.ng_pp_user_financial_feature_profile_di,pb_biz_credit.ng_pp_user_financial_feature_profile_di,,Cashbox资产占理财总资产比重,授信申请,收入与财务画像特征
118,loancntall,ng_pp_regular_trans_order_cnt_60d_off,ng_pp_regular_trans_order_cnt_60d_off,t1,pb_ads_credit.direct_send_in_out_para_data_df,pb_ads_credit.direct_send_in_out_para_data_df,$.ng_pp_regular_trans_order_cnt_60d_off,近60天转账/话费/流量/betting交易总次数,交易行为,支付交易行为特征
119,loancntall,okcard_last3_max_overdue_days,okcard_last3_max_overdue_days,t1,pb_ads_credit.direct_send_in_out_para_data_df,pb_ads_credit.direct_send_in_out_para_data_df,$.okcard_last3_max_overdue_days,Okcard近3笔账单最大逾期天数,逾期催收,逾期表现特征
120,loancntall,user_recent_overdue_day,user_recent_overdue_day,t1,pb_ads_credit.direct_send_in_out_para_data_df,pb_ads_credit.direct_send_in_out_para_data_df,$.user_recent_overdue_day,客户flexi最近一个账期逾期天数,逾期催收,逾期表现特征
121,loancntall,payee_recent_180_payer_share_30d_v2,payee_recent_180_payer_share_30d_v2,t4,pb_ads_credit.ads_ng_risk_pp_cid_character_360d,pb_ads_credit.ads_ng_risk_pp_cid_character_360d,,收款方: 近30天人数 / 近180天人数,交易行为,支付交易行为特征
122,loancntall,pp_trans_amt_3d,pp_trans_amt_3d,t1,pb_ads_credit.direct_send_in_out_para_data_df,pb_ads_credit.direct_send_in_out_para_data_df,$.pp_trans_amt_3d,PP近3天交易总金额,交易行为,支付交易行为特征
123,loancntall,ng_applist_small_1000_b_ratio10_90_days_update_sum_rt,ng_applist_small_1000_b_ratio10_90_days_update_sum_rt,t1,pb_ads_credit.direct_send_in_out_para_data_df,pb_ads_credit.direct_send_in_out_para_data_df,$.ng_applist_small_1000_b_ratio10_90_days_update_sum_rt,近90天更新的低逾期app的pd10的总和,逾期催收,逾期表现特征
124,loancntall,app55_install_days,app55_install_days,t1,pb_ads_credit.direct_send_in_out_para_data_df,pb_ads_credit.direct_send_in_out_para_data_df,$.app55_install_days,com.facebook.lite安装时长,授信申请,移动设备与APP画像特征
125,loancntall,inst_cnt_30d,inst_cnt_30d,t1,pb_ads_credit.direct_send_in_out_para_data_df,pb_ads_credit.direct_send_in_out_para_data_df,$.inst_cnt_30d,近30天涉及机构数（app_id去重）,外部数据,多头查询与多证件关联特征
126,loancntall,press_180d_t7,press_180d_t7,t3,pb_biz_credit.keep_jch_ng_cid_bal_feature_final,pb_biz_credit.keep_jch_ng_cid_bal_feature_final,$.press_180d_t7,近180天：t7单位还款压力,账户状态,额度使用与账户余额特征
127,loancntall,payer_repay_cnt_30d,payer_repay_cnt_30d,t1,pb_ads_credit.direct_send_in_out_para_data_df,pb_ads_credit.direct_send_in_out_para_data_df,$.payer_repay_cnt_30d,"类别: 过去30天 [T-31, T-2] 还款(j7,g7)笔数",交易行为,支付交易行为特征
128,loancntall,press_30d_t9,press_30d_t9,t3,pb_biz_credit.keep_jch_ng_cid_bal_feature_final,pb_biz_credit.keep_jch_ng_cid_bal_feature_final,,近30天：t9单位还款压力,账户状态,额度使用与账户余额特征
129,loancntall,payee_low_mcht_amt_share_360d_v2,payee_low_mcht_amt_share_360d_v2,t4,pb_ads_credit.ads_ng_risk_pp_cid_character_360d,pb_ads_credit.ads_ng_risk_pp_cid_character_360d,$.payee_low_mcht_amt_share_360d_v2,收款方: 近360天低质商户金额占比,交易行为,支付交易行为特征
130,loancntall,databundle_amt_3m,databundle_amt_3m,t1,pb_ads_credit.direct_send_in_out_para_data_df,pb_ads_credit.direct_send_in_out_para_data_df,$.databundle_amt_3m,近3个月购买手机流量金额,交易行为,支付交易行为特征
131,loancntall,days_since_last_apply_type9,days_since_last_apply_type9,t7,pb_biz_credit.keep_jch_ng_cid_apply_feature_final,pb_biz_credit.keep_jch_ng_cid_apply_feature_final,,最近一次申请产品类型9距今天数,授信申请,申请行为特征
132,loancntall,fail_txn_ratio_90d_v2,fail_txn_ratio_90d_v2,t4,pb_ads_credit.ads_ng_risk_pp_cid_character_360d,pb_ads_credit.ads_ng_risk_pp_cid_character_360d,,近90天失败率(失败/总尝试),交易行为,支付交易行为特征
133,loancntall,ng_applist_pkgname_last_30_day_pd3_worst5_cnt,ng_applist_pkgname_last_30_day_pd3_worst5_cnt,t1,pb_ads_credit.direct_send_in_out_para_data_df,pb_ads_credit.direct_send_in_out_para_data_df,$.ng_applist_pkgname_last_30_day_pd3_worst5_cnt,app_package_name击中近30天pd3表现最差的5个package_name的数量,授信申请,移动设备与APP画像特征
134,loancntall,payee_fail_rate_360d_v2,payee_fail_rate_360d_v2,t4,pb_ads_credit.ads_ng_risk_pp_cid_character_360d,pb_ads_credit.ads_ng_risk_pp_cid_character_360d,,收款方: 近360天交易失败率((2+7)/(1+2+7)),交易行为,支付交易行为特征
135,loancntall,payer_unique_payee_count_180d_v2,payer_unique_payee_count_180d_v2,t4,pb_ads_credit.ads_ng_risk_pp_cid_character_360d,pb_ads_credit.ads_ng_risk_pp_cid_character_360d,,"付款方: 过去180天 [T-181, T-2] 独立收款人数",交易行为,支付交易行为特征
136,loancntall,payee_avg_txn_per_payer_360d_v2,payee_avg_txn_per_payer_360d_v2,t4,pb_ads_credit.ads_ng_risk_pp_cid_character_360d,pb_ads_credit.ads_ng_risk_pp_cid_character_360d,$.payee_avg_txn_per_payer_360d_v2,"收款方: 过去360天 [T-361, T-2] 平均每人收款笔数",交易行为,支付交易行为特征
137,loancntall,payee_high_mcht_amt_share_360d_v2,payee_high_mcht_amt_share_360d_v2,t4,pb_ads_credit.ads_ng_risk_pp_cid_character_360d,pb_ads_credit.ads_ng_risk_pp_cid_character_360d,,收款方: 近360天高等级商户金额占比,交易行为,支付交易行为特征
138,loancntall,press_180d_t9,press_180d_t9,t3,pb_biz_credit.keep_jch_ng_cid_bal_feature_final,pb_biz_credit.keep_jch_ng_cid_bal_feature_final,,近180天：t9单位还款压力,账户状态,额度使用与账户余额特征
139,loancntall,sum_balance_cashbox,sum_balance_cashbox,t11,pb_biz_credit.ng_pp_user_financial_feature_profile_di,pb_biz_credit.ng_pp_user_financial_feature_profile_di,$.sum_balance_cashbox,cashbox账户可用余额,授信申请,收入与财务画像特征
140,loancntall,transfer_fail_ratio_360d_v2,transfer_fail_ratio_360d_v2,t4,pb_ads_credit.ads_ng_risk_pp_cid_character_360d,pb_ads_credit.ads_ng_risk_pp_cid_character_360d,$.transfer_fail_ratio_360d_v2,近360天转账(03)失败率,交易行为,支付交易行为特征
141,loancntall,days_since_first_apply_all,days_since_first_apply_all,t7,pb_biz_credit.keep_jch_ng_cid_apply_feature_final,pb_biz_credit.keep_jch_ng_cid_apply_feature_final,,最早一次申请(任意)距今天数,授信申请,申请行为特征
142,loancntall,payee_amount_cv_360d_v2,payee_amount_cv_360d_v2,t4,pb_ads_credit.ads_ng_risk_pp_cid_character_360d,pb_ads_credit.ads_ng_risk_pp_cid_character_360d,$.payee_amount_cv_360d_v2,"收款方: 过去360天 [T-361, T-2] 收款金额变异系数 (std/mean)",交易行为,支付交易行为特征
143,loancntall,top1_inst_query_ratio_180d,top1_inst_query_ratio_180d,t9,pb_biz_credit.keep_jch_ng_cid_multi_loan_feature_final,"pb_biz_credit.keep_jch_ng_cid_multi_loan_feature_final, pb_biz_credit.keep_ng_jch_bvn_nin_phn_multi_loan_feature",$.top1_inst_query_ratio_180d,近180天Top1机构查询占比,外部数据,多头查询与多证件关联特征
143,loancntall,top1_inst_query_ratio_180d,top1_inst_query_ratio_180d_v1,t10,pb_biz_credit.keep_ng_jch_bvn_nin_phn_multi_loan_feature,"pb_biz_credit.keep_jch_ng_cid_multi_loan_feature_final, pb_biz_credit.keep_ng_jch_bvn_nin_phn_multi_loan_feature",$.top1_inst_query_ratio_180d,近180天Top1机构查询占比,外部数据,多头查询与多证件关联特征
144,loancntall,payee_unique_hours_active_7d_v2,payee_unique_hours_active_7d_v2,t4,pb_ads_credit.ads_ng_risk_pp_cid_character_360d,pb_ads_credit.ads_ng_risk_pp_cid_character_360d,$.payee_unique_hours_active_7d_v2,"收款方: 过去7天 [T-8, T-2] 活跃小时数",交易行为,支付交易行为特征
145,loancntall,credit_day,credit_day,t1,pb_ads_credit.direct_send_in_out_para_data_df,pb_ads_credit.direct_send_in_out_para_data_df,$.credit_day,主动授信距今天数,账户状态,授信额度特征
146,loancntall,nibssfund_cnt_7d,nibssfund_cnt_7d,t1,pb_ads_credit.direct_send_in_out_para_data_df,pb_ads_credit.direct_send_in_out_para_data_df,$.nibssfund_cnt_7d,近7天nip充值次数,交易行为,支付交易行为特征
147,loancntall,repay_ratio_due_60d_t79,repay_ratio_due_60d_t79,t2,pb_biz_credit.keep_jch_ng_cid_repay_feature_final,pb_biz_credit.keep_jch_ng_cid_repay_feature_final,$.repay_ratio_due_60d_t79,79类账户：近60天每期平均还款笔数(还款笔数/应还期数),还款履约,实际还款行为特征
148,loancntall,sdcard_used_capacity_rate,sdcard_used_capacity_rate,t1,pb_ads_credit.direct_send_in_out_para_data_df,pb_ads_credit.direct_send_in_out_para_data_df,$.sdcard_used_capacity_rate,非锁.设备信息.SIM卡空间使用率,账户状态,额度使用与账户余额特征
149,loancntall,pp_kyc_profession,pp_kyc_profession,t1,pb_ads_credit.direct_send_in_out_para_data_df,pb_ads_credit.direct_send_in_out_para_data_df,$.pp_kyc_profession,pp kyc职业,授信申请,申请行为特征
150,loancntall,payer_recent_180_amount_share_90d_v2,payer_recent_180_amount_share_90d_v2,t4,pb_ads_credit.ads_ng_risk_pp_cid_character_360d,pb_ads_credit.ads_ng_risk_pp_cid_character_360d,,付款方: 近90天金额 / 近180天金额,交易行为,支付交易行为特征
151,loancntall,total_balance_pay_amt_rate,total_balance_pay_amt_rate,t1,pb_ads_credit.direct_send_in_out_para_data_df,pb_ads_credit.direct_send_in_out_para_data_df,$.total_balance_pay_amt_rate,个人平均支付余额,账户状态,额度使用与账户余额特征
152,loancntall,payee_recent_360_payer_share_7d_v2,payee_recent_360_payer_share_7d_v2,t4,pb_ads_credit.ads_ng_risk_pp_cid_character_360d,pb_ads_credit.ads_ng_risk_pp_cid_character_360d,$.payee_recent_360_payer_share_7d_v2,收款方: 近7天人数 / 近360天人数,交易行为,支付交易行为特征
153,loancntall,same_device_info_differ_regmobile_last30_cnt_plampay,same_device_info_differ_regmobile_last30_cnt_plampay,t1,pb_ads_credit.direct_send_in_out_para_data_df,pb_ads_credit.direct_send_in_out_para_data_df,$.same_device_info_differ_regmobile_last30_cnt_plampay,,,
154,loancntall,days_since_last_apply_all,days_since_last_apply_all,t7,pb_biz_credit.keep_jch_ng_cid_apply_feature_final,pb_biz_credit.keep_jch_ng_cid_apply_feature_final,,最近一次申请(任意)距今天数,授信申请,申请行为特征
155,loancntall,payee_unique_hours_active_15d_v2,payee_unique_hours_active_15d_v2,t4,pb_ads_credit.ads_ng_risk_pp_cid_character_360d,pb_ads_credit.ads_ng_risk_pp_cid_character_360d,,"收款方: 过去15天 [T-16, T-2] 活跃小时数",交易行为,支付交易行为特征
156,loancntall,cus_all_product_curr_overdue_cnt,cus_all_product_curr_overdue_cnt,t1,pb_ads_credit.direct_send_in_out_para_data_df,pb_ads_credit.direct_send_in_out_para_data_df,$.cus_all_product_curr_overdue_cnt,CUSALLproduct当前逾期次数,逾期催收,逾期表现特征
157,loancntall,short_cycle_inflow_ratio_t1_v2,short_cycle_inflow_ratio_t1_v2,t4,pb_ads_credit.ads_ng_risk_pp_cid_character_360d,pb_ads_credit.ads_ng_risk_pp_cid_character_360d,,短期回流占比: T-1短期回流入金 / T-1总入金,交易行为,支付交易行为特征
158,loancntall,max_od_days_60d_79,max_od_days_60d_79,t8,pb_biz_credit.keep_ng_jch_cid_overdue_feature_final,pb_biz_credit.keep_ng_jch_cid_overdue_feature_final,$.max_od_days_60d_79,产品79: 近60天最大逾期天数,逾期催收,逾期表现特征
159,loancntall,press_90d_t7,press_90d_t7,t3,pb_biz_credit.keep_jch_ng_cid_bal_feature_final,pb_biz_credit.keep_jch_ng_cid_bal_feature_final,$.press_90d_t7,近90天：t7单位还款压力,账户状态,额度使用与账户余额特征
160,loancntall,press_7d_all,press_7d_all,t3,pb_biz_credit.keep_jch_ng_cid_bal_feature_final,pb_biz_credit.keep_jch_ng_cid_bal_feature_final,,近7天：all单位还款压力,账户状态,额度使用与账户余额特征
161,loancntall,ng_same_bvn_max_cur_overdue_day_cash_rt,ng_same_bvn_max_cur_overdue_day_cash_rt,t1,pb_ads_credit.direct_send_in_out_para_data_df,pb_ads_credit.direct_send_in_out_para_data_df,$.ng_same_bvn_max_cur_overdue_day_cash_rt,尼日利亚相同BVN最大当前逾期天Cash实时,逾期催收,逾期表现特征
162,loancntall,util_90d_sumratio_all,util_90d_sumratio_all,t6,pb_biz_credit.keep_jch_ng_cid_util_feature_final,pb_biz_credit.keep_jch_ng_cid_util_feature_final,$.util_90d_sumratio_all,近90天：all整体util（sumratio）,账户状态,额度使用与账户余额特征
163,loancntall,payee_unique_payer_count_360d_v2,payee_unique_payer_count_360d_v2,t4,pb_ads_credit.ads_ng_risk_pp_cid_character_360d,pb_ads_credit.ads_ng_risk_pp_cid_character_360d,$.payee_unique_payer_count_360d_v2,"收款方: 过去360天 [T-361, T-2] 独立付款人数",交易行为,支付交易行为特征
164,loancntall,ng_td_witld_amt_in_bi_rt,ng_td_witld_amt_in_bi_rt,t1,pb_ads_credit.direct_send_in_out_para_data_df,pb_ads_credit.direct_send_in_out_para_data_df,$.ng_td_witld_amt_in_bi_rt,当天天账单代扣金额最大值,还款履约,还款计划与账单流水特征
165,loancntall,cust_last2_overdue_days,cust_last2_overdue_days,t1,pb_ads_credit.direct_send_in_out_para_data_df,pb_ads_credit.direct_send_in_out_para_data_df,$.cust_last2_overdue_days,客户最近第二笔借据最大逾期,逾期催收,逾期表现特征
166,loancntall,trans_cnt,trans_cnt,t1,pb_ads_credit.direct_send_in_out_para_data_df,pb_ads_credit.direct_send_in_out_para_data_df,$.trans_cnt,交易次数,交易行为,支付交易行为特征
167,loancntall,ng_pdl_is_first_order,ng_pdl_is_first_order,t1,pb_ads_credit.direct_send_in_out_para_data_df,pb_ads_credit.direct_send_in_out_para_data_df,$.ng_pdl_is_first_order,当前交易是PDL的第几笔,还款履约,还款计划与账单流水特征
168,loancntall,ng_la3times_quota_use_ratio_cash_avg_rt,ng_la3times_quota_use_ratio_cash_avg_rt,t1,pb_ads_credit.direct_send_in_out_para_data_df,pb_ads_credit.direct_send_in_out_para_data_df,$.ng_la3times_quota_use_ratio_cash_avg_rt,最近3次额度使用率平均值,账户状态,授信额度特征
169,loancntall,withdraw_apply_total_cnt,withdraw_apply_total_cnt,t1,pb_ads_credit.direct_send_in_out_para_data_df,pb_ads_credit.direct_send_in_out_para_data_df,$.withdraw_apply_total_cnt,提现申请总次数,账户状态,额度使用与账户余额特征
170,loancntall,cust_tier,cust_tier,t1,pb_ads_credit.direct_send_in_out_para_data_df,pb_ads_credit.direct_send_in_out_para_data_df,$.cust_tier,,,
171,loancntall,min_pass_verify_days,min_pass_verify_days,t1,pb_ads_credit.direct_send_in_out_para_data_df,pb_ads_credit.direct_send_in_out_para_data_df,$.min_pass_verify_days,最早手机验证成功距今天数,授信申请,申请行为特征
172,loancntall,first_pay_days,first_pay_days,t5,pb_biz_credit.ng_customer_pay_plan_flow_feas,pb_biz_credit.ng_customer_pay_plan_flow_feas,,最早一次还款距今天数,还款履约,还款计划与账单流水特征
173,loancntall,n_cust_last1_overdue_days,n_cust_last1_overdue_days,t1,pb_ads_credit.direct_send_in_out_para_data_df,pb_ads_credit.direct_send_in_out_para_data_df,pb_ads_credit.direct_send_in_out_para_data_df,,,
174,loancntall,ng_same_ipaddress_card_cnt_cash_rt,ng_same_ipaddress_card_cnt_cash_rt,t1,pb_ads_credit.direct_send_in_out_para_data_df,pb_ads_credit.direct_send_in_out_para_data_df,$.ng_same_ipaddress_card_cnt_cash_rt,IP地址对应授信成功LOAN账户数,外部数据,多头查询与多证件关联特征
175,loancntall,payee_avg_txn_per_payer_shift_7d_vs_360d_v2,payee_avg_txn_per_payer_shift_7d_vs_360d_v2,t4,pb_ads_credit.ads_ng_risk_pp_cid_character_360d,pb_ads_credit.ads_ng_risk_pp_cid_character_360d,$.payee_avg_txn_per_payer_shift_7d_vs_360d_v2,收款方: (近7天人均笔数) - (近360天人均笔数) 漂移,交易行为,支付交易行为特征
176,loancntall,same_device_info_differ_regmobile_total_cnt_plampay,same_device_info_differ_regmobile_total_cnt_plampay,t1,pb_ads_credit.direct_send_in_out_para_data_df,pb_ads_credit.direct_send_in_out_para_data_df,$.same_device_info_differ_regmobile_total_cnt_plampay,用户当前imei被多少人使用,外部数据,多头查询与多证件关联特征
177,loancntall,early_ratio_due_180d_t79,early_ratio_due_180d_t79,t2,pb_biz_credit.keep_jch_ng_cid_repay_feature_final,pb_biz_credit.keep_jch_ng_cid_repay_feature_final,$.early_ratio_due_180d_t79,79类账户：近180天提前还款占比(提前期数/应还期数),还款履约,实际还款行为特征
178,loancntall,days_since_first_apply_type9,days_since_first_apply_type9,t7,pb_biz_credit.keep_jch_ng_cid_apply_feature_final,pb_biz_credit.keep_jch_ng_cid_apply_feature_final,,最早一次申请产品类型9距今天数,授信申请,申请行为特征
179,loancntall,ng_cash_total_duedate_repay_cnt_rt,ng_cash_total_duedate_repay_cnt_rt,t1,pb_ads_credit.direct_send_in_out_para_data_df,pb_ads_credit.direct_send_in_out_para_data_df,$.ng_cash_total_duedate_repay_cnt_rt,客户出账日准时结清账单数,还款履约,实际还款行为特征
180,loancntall,diff_balance_all_15days,diff_balance_all_15days,t11,pb_biz_credit.ng_pp_user_financial_feature_profile_di,pb_biz_credit.ng_pp_user_financial_feature_profile_di,$.diff_balance_all_15days,总余额对比15天前净增额,授信申请,收入与财务画像特征
181,loancntall,ng_faceid_max_overdue_days_emi,ng_faceid_max_overdue_days_emi,t1,pb_ads_credit.direct_send_in_out_para_data_df,pb_ads_credit.direct_send_in_out_para_data_df,$.ng_faceid_max_overdue_days_emi,尼日利亚faceid最大逾期天数EMI,逾期催收,逾期表现特征
182,loancntall,payee_txn_per_day_15d_v2,payee_txn_per_day_15d_v2,t4,pb_ads_credit.ads_ng_risk_pp_cid_character_360d,pb_ads_credit.ads_ng_risk_pp_cid_character_360d,$.payee_txn_per_day_15d_v2,"收款方: 过去15天 [T-16, T-2] 日均收款笔数 (用首T-2至今T-2天数做分母)",交易行为,支付交易行为特征
183,loancntall,days_since_last_apply_type7,days_since_last_apply_type7,t7,pb_biz_credit.keep_jch_ng_cid_apply_feature_final,pb_biz_credit.keep_jch_ng_cid_apply_feature_final,,最近一次申请产品类型7距今天数,授信申请,申请行为特征
184,loancntall,avg_diff_days_180d_t79,avg_diff_days_180d_t79,t2,pb_biz_credit.keep_jch_ng_cid_repay_feature_final,pb_biz_credit.keep_jch_ng_cid_repay_feature_final,$.avg_diff_days_180d_t79,79类账户：近180天平均应还日-实际还款日(天),还款履约,实际还款行为特征
185,loancntall,press_over_quota_90d_all,press_over_quota_90d_all,t3,pb_biz_credit.keep_jch_ng_cid_bal_feature_final,pb_biz_credit.keep_jch_ng_cid_bal_feature_final,$.press_over_quota_90d_all,近90天：all压力/额度,账户状态,额度使用与账户余额特征
186,loancntall,payer_start_of_month_amount_ratio_360d_v2,payer_start_of_month_amount_ratio_360d_v2,t4,pb_ads_credit.ads_ng_risk_pp_cid_character_360d,pb_ads_credit.ads_ng_risk_pp_cid_character_360d,,付款方: 近360天 月初付款金额 / 总金额,交易行为,支付交易行为特征
187,loancntall,p80_total_finsave_amt_d90,p80_total_finsave_amt_d90,t1,pb_ads_credit.direct_send_in_out_para_data_df,pb_ads_credit.direct_send_in_out_para_data_df,$.p80_total_finsave_amt_d90,近90天80分位理财金额,授信申请,收入与财务画像特征
188,loancntall,max_util_7d_all,max_util_7d_all,t6,pb_biz_credit.keep_jch_ng_cid_util_feature_final,pb_biz_credit.keep_jch_ng_cid_util_feature_final,$.max_util_7d_all,近7天：all单笔util最大值,账户状态,额度使用与账户余额特征
189,loancntall,payer_recent_360_txn_share_7d_v2,payer_recent_360_txn_share_7d_v2,t4,pb_ads_credit.ads_ng_risk_pp_cid_character_360d,pb_ads_credit.ads_ng_risk_pp_cid_character_360d,$.payer_recent_360_txn_share_7d_v2,付款方: 近7天笔数 / 近360天笔数,交易行为,支付交易行为特征
190,loancntall,fail_txn_ratio_15d_v2,fail_txn_ratio_15d_v2,t4,pb_ads_credit.ads_ng_risk_pp_cid_character_360d,pb_ads_credit.ads_ng_risk_pp_cid_character_360d,$.fail_txn_ratio_15d_v2,近15天失败率(失败/总尝试),交易行为,支付交易行为特征
191,loancntall,concat_last_most_type_30d,concat_last_most_type_30d,t7,pb_biz_credit.keep_jch_ng_cid_apply_feature_final,pb_biz_credit.keep_jch_ng_cid_apply_feature_final,,最近一次贷款类型与近30天最多申请类型组合,授信申请,申请行为特征
192,loancntall,pay_100up_cnt,pay_100up_cnt,t1,pb_ads_credit.direct_send_in_out_para_data_df,pb_ads_credit.direct_send_in_out_para_data_df,$.pay_100up_cnt,实际付款超过订单总金额的数量,交易行为,支付交易行为特征
193,loancntall,payee_success_rate_180d_v2,payee_success_rate_180d_v2,t4,pb_ads_credit.ads_ng_risk_pp_cid_character_360d,pb_ads_credit.ads_ng_risk_pp_cid_character_360d,$.payee_success_rate_180d_v2,收款方: 近180天交易成功率(1/(1+2+7)),交易行为,支付交易行为特征
194,loancntall,payer_unique_payee_count_60d_v2,payer_unique_payee_count_60d_v2,t4,pb_ads_credit.ads_ng_risk_pp_cid_character_360d,pb_ads_credit.ads_ng_risk_pp_cid_character_360d,$.payer_unique_payee_count_60d_v2,"付款方: 过去60天 [T-61, T-2] 独立收款人数",交易行为,支付交易行为特征
195,loancntall,num_connect_user_device,num_connect_user_device,t1,pb_ads_credit.direct_send_in_out_para_data_df,pb_ads_credit.direct_send_in_out_para_data_df,$.num_connect_user_device,,,
196,loancntall,num_device_log_7day,num_device_log_7day,t1,pb_ads_credit.direct_send_in_out_para_data_df,pb_ads_credit.direct_send_in_out_para_data_df,$.num_device_log_7day,,,
197,loancntall,phone_system,phone_system,t1,pb_ads_credit.direct_send_in_out_para_data_df,pb_ads_credit.direct_send_in_out_para_data_df,$.phone_system,设备信息systemtype,授信申请,移动设备与APP画像特征
198,loancntall,payer_repay_cnt_15d_v2,payer_repay_cnt_15d_v2,t4,pb_ads_credit.ads_ng_risk_pp_cid_character_360d,pb_ads_credit.ads_ng_risk_pp_cid_character_360d,$.payer_repay_cnt_15d_v2,"类别: 过去15天 [T-16, T-2] 还款(j7,g7)笔数",交易行为,支付交易行为特征
199,loancntall,payee_start_of_month_amount_ratio_30d_v2,payee_start_of_month_amount_ratio_30d_v2,t4,pb_ads_credit.ads_ng_risk_pp_cid_character_360d,pb_ads_credit.ads_ng_risk_pp_cid_character_360d,,收款方: 近30天 月初收款金额 / 总金额,交易行为,支付交易行为特征
200,loancntall,ng_applist_small_1000_b_ratio10_30_days_update_sum_rt,ng_applist_small_1000_b_ratio10_30_days_update_sum_rt,t1,pb_ads_credit.direct_send_in_out_para_data_df,pb_ads_credit.direct_send_in_out_para_data_df,$.ng_applist_small_1000_b_ratio10_30_days_update_sum_rt,近30天更新的低逾期app的pd10的总和,逾期催收,逾期表现特征
201,loancntall,approval_result1,approval_result1,t1,pb_ads_credit.direct_send_in_out_para_data_df,pb_ads_credit.direct_send_in_out_para_data_df,$.approval_result1,approvalresult1,授信申请,申请行为特征
202,loancntall,last3_od_days_79,last3_od_days_79,t8,pb_biz_credit.keep_ng_jch_cid_overdue_feature_final,pb_biz_credit.keep_ng_jch_cid_overdue_feature_final,$.last3_od_days_79,产品79: 最近第3笔贷款最大逾期天数（7+9合并）,逾期催收,逾期表现特征
203,loancntall,payee_recent_180_payer_share_15d_v2,payee_recent_180_payer_share_15d_v2,t4,pb_ads_credit.ads_ng_risk_pp_cid_character_360d,pb_ads_credit.ads_ng_risk_pp_cid_character_360d,,收款方: 近15天人数 / 近180天人数,交易行为,支付交易行为特征
204,loancntall,pp_nibssfund_days_3d,pp_nibssfund_days_3d,t1,pb_ads_credit.direct_send_in_out_para_data_df,pb_ads_credit.direct_send_in_out_para_data_df,$.pp_nibssfund_days_3d,PP近3天nibss入金天数,交易行为,支付交易行为特征
205,loancntall,payer_recent_180_amount_share_7d_v2,payer_recent_180_amount_share_7d_v2,t4,pb_ads_credit.ads_ng_risk_pp_cid_character_360d,pb_ads_credit.ads_ng_risk_pp_cid_character_360d,,付款方: 近7天金额 / 近180天金额,交易行为,支付交易行为特征
206,loancntall,total_performing_facility_ratio,total_performing_facility_ratio,t1,pb_ads_credit.direct_send_in_out_para_data_df,pb_ads_credit.direct_send_in_out_para_data_df,$.total_performing_facility_ratio,衍生：结清账户占比,外部数据,征信/CRC报告特征
207,loancntall,p50_balance_amt_d30,p50_balance_amt_d30,t1,pb_ads_credit.direct_send_in_out_para_data_df,pb_ads_credit.direct_send_in_out_para_data_df,$.p50_balance_amt_d30,近30天个人账户余额中位数,账户状态,额度使用与账户余额特征
208,loancntall,phone_width,phone_width,t1,pb_ads_credit.direct_send_in_out_para_data_df,pb_ads_credit.direct_send_in_out_para_data_df,$.phone_width,手机屏幕宽度,通用技术,主键标识与时间分区字段
209,loancntall,bus_application_gps_address_detail,bus_application_gps_address_detail,t1,pb_ads_credit.direct_send_in_out_para_data_df,pb_ads_credit.direct_send_in_out_para_data_df,$.bus_application_gps_address_detail,具体明细（gps上报解析）,授信申请,地理位置与居住工作地特征
210,loancntall,total_daily_vam_3d,total_daily_vam_3d,t1,pb_ads_credit.direct_send_in_out_para_data_df,pb_ads_credit.direct_send_in_out_para_data_df,$.total_daily_vam_3d,近3天平均交易额,交易行为,支付交易行为特征
211,loancntall,cv_util_30d_all,cv_util_30d_all,t6,pb_biz_credit.keep_jch_ng_cid_util_feature_final,pb_biz_credit.keep_jch_ng_cid_util_feature_final,$.cv_util_30d_all,近30天：all util变异系数,账户状态,额度使用与账户余额特征
212,loancntall,bvn_cnt_15d_div_90d,bvn_cnt_15d_div_90d,t9,pb_biz_credit.keep_jch_ng_cid_multi_loan_feature_final,pb_biz_credit.keep_jch_ng_cid_multi_loan_feature_final,,近15天/近90天 BVN查询次数比,外部数据,多头查询与多证件关联特征
213,loancntall,payer_unique_payee_count_360d_v2,payer_unique_payee_count_360d_v2,t4,pb_ads_credit.ads_ng_risk_pp_cid_character_360d,pb_ads_credit.ads_ng_risk_pp_cid_character_360d,$.payer_unique_payee_count_360d_v2,"付款方: 过去360天 [T-361, T-2] 独立收款人数",交易行为,支付交易行为特征
214,loancntall,same_bvn_curr_overdue_days,same_bvn_curr_overdue_days,t1,pb_ads_credit.direct_send_in_out_para_data_df,pb_ads_credit.direct_send_in_out_para_data_df,$.same_bvn_curr_overdue_days,最近一次认证bvn逾期天数,逾期催收,逾期表现特征
215,loancntall,last2_od_days_79,last2_od_days_79,t8,pb_biz_credit.keep_ng_jch_cid_overdue_feature_final,pb_biz_credit.keep_ng_jch_cid_overdue_feature_final,$.last2_od_days_79,产品79: 最近第2笔贷款最大逾期天数（7+9合并）,逾期催收,逾期表现特征
216,loancntall,trans_amt_3d,trans_amt_3d,t1,pb_ads_credit.direct_send_in_out_para_data_df,pb_ads_credit.direct_send_in_out_para_data_df,$.trans_amt_3d,近3天订单金额,交易行为,支付交易行为特征
217,loancntall,dpd_due365d_dpd2_bad_due_rt,dpd_due365d_dpd2_bad_due_rt,t5,pb_biz_credit.ng_customer_pay_plan_flow_feas,pb_biz_credit.ng_customer_pay_plan_flow_feas,$.dpd_due365d_dpd2_bad_due_rt,应还近365天_逾期2天_占比(占到期),还款履约,还款计划与账单流水特征
218,loancntall,same_device_info_differ_regmobile_last30_cnt,same_device_info_differ_regmobile_last30_cnt,t1,pb_ads_credit.direct_send_in_out_para_data_df,pb_ads_credit.direct_send_in_out_para_data_df,$.same_device_info_differ_regmobile_last30_cnt,,,
219,loancntall,dpd_due365d_dpd4_bad_due_rt,dpd_due365d_dpd4_bad_due_rt,t5,pb_biz_credit.ng_customer_pay_plan_flow_feas,pb_biz_credit.ng_customer_pay_plan_flow_feas,,应还近365天_逾期4天_占比(占到期),还款履约,还款计划与账单流水特征
220,loancntall,min_util_7d_all,min_util_7d_all,t6,pb_biz_credit.keep_jch_ng_cid_util_feature_final,pb_biz_credit.keep_jch_ng_cid_util_feature_final,$.min_util_7d_all,近7天：all单笔util最小值,账户状态,额度使用与账户余额特征
221,loancntall,payee_eom_amount_ratio_30d_v2,payee_eom_amount_ratio_30d_v2,t4,pb_ads_credit.ads_ng_risk_pp_cid_character_360d,pb_ads_credit.ads_ng_risk_pp_cid_character_360d,,收款方: 近30天月底收款金额 / 总收款金额,交易行为,支付交易行为特征
222,loancntall,betting_customer_id_pp_count,betting_customer_id_pp_count,t1,pb_ads_credit.direct_send_in_out_para_data_df,pb_ads_credit.direct_send_in_out_para_data_df,$.betting_customer_id_pp_count,菠菜用户pp账户数,交易行为,支付交易行为特征
223,loancntall,dpd_due365d_dpd8_bad_eli_rt,dpd_due365d_dpd8_bad_eli_rt,t5,pb_biz_credit.ng_customer_pay_plan_flow_feas,pb_biz_credit.ng_customer_pay_plan_flow_feas,,应还近365天_逾期8天_占比(占达表现期),还款履约,还款计划与账单流水特征
224,loancntall,ng_nin_age_rt,ng_nin_age_rt,t1,pb_ads_credit.direct_send_in_out_para_data_df,pb_ads_credit.direct_send_in_out_para_data_df,$.ng_nin_age_rt,NIN信息对应的年龄,外部数据,征信/CRC报告特征
225,loancntall,used_memory,used_memory,t1,pb_ads_credit.direct_send_in_out_para_data_df,pb_ads_credit.direct_send_in_out_para_data_df,$.used_memory,usedmemory,授信申请,移动设备与APP画像特征
226,loancntall,max_continue_days_6m,max_continue_days_6m,t1,pb_ads_credit.direct_send_in_out_para_data_df,pb_ads_credit.direct_send_in_out_para_data_df,$.max_continue_days_6m,现金贷.平台交易.max_continue_days_6m,交易行为,支付交易行为特征
227,loancntall,diff_balance_all_30days,diff_balance_all_30days,t11,pb_biz_credit.ng_pp_user_financial_feature_profile_di,pb_biz_credit.ng_pp_user_financial_feature_profile_di,$.diff_balance_all_30days,总余额对比30天前净增额,授信申请,收入与财务画像特征
228,loancntall,payer_repay_cnt_180d_v2,payer_repay_cnt_180d_v2,t4,pb_ads_credit.ads_ng_risk_pp_cid_character_360d,pb_ads_credit.ads_ng_risk_pp_cid_character_360d,$.payer_repay_cnt_180d_v2,"类别: 过去180天 [T-181, T-2] 还款(j7,g7)笔数",交易行为,支付交易行为特征
229,loancntall,payer_amount_cv_360d_v2,payer_amount_cv_360d_v2,t4,pb_ads_credit.ads_ng_risk_pp_cid_character_360d,pb_ads_credit.ads_ng_risk_pp_cid_character_360d,$.payer_amount_cv_360d_v2,"付款方: 过去360天 [T-361, T-2] 付款金额变异系数 (std/mean)",交易行为,支付交易行为特征
230,loancntall,stragety_flag_ser,stragety_flag_ser,t1,pb_ads_credit.direct_send_in_out_para_data_df,pb_ads_credit.direct_send_in_out_para_data_df,$.stragety_flag_ser,stragetyflagser包,通用技术,模型分与策略评分字段
231,loancntall,payer_repay_cnt_30d_v2,payer_repay_cnt_30d_v2,t4,pb_ads_credit.ads_ng_risk_pp_cid_character_360d,pb_ads_credit.ads_ng_risk_pp_cid_character_360d,$.payer_repay_cnt_30d_v2,"类别: 过去30天 [T-31, T-2] 还款(j7,g7)笔数",交易行为,支付交易行为特征
232,loancntall,ng_pp_regular_trans_order_cnt_3d_off,ng_pp_regular_trans_order_cnt_3d_off,t1,pb_ads_credit.direct_send_in_out_para_data_df,pb_ads_credit.direct_send_in_out_para_data_df,$.ng_pp_regular_trans_order_cnt_3d_off,近3天转账/话费/流量/betting交易总次数,交易行为,支付交易行为特征
233,loancntall,payer_low_mcht_amt_share_30d_v2,payer_low_mcht_amt_share_30d_v2,t4,pb_ads_credit.ads_ng_risk_pp_cid_character_360d,pb_ads_credit.ads_ng_risk_pp_cid_character_360d,,付款方: 近30天低质商户金额占比,交易行为,支付交易行为特征
234,loancntall,ratio_press_cur30_prev30_all,ratio_press_cur30_prev30_all,t3,pb_biz_credit.keep_jch_ng_cid_bal_feature_final,pb_biz_credit.keep_jch_ng_cid_bal_feature_final,$.ratio_press_cur30_prev30_all,"压力比值：近30天 / 上30天窗口(30,60]（all）",账户状态,额度使用与账户余额特征
235,loancntall,payee_recent_180_payer_share_90d_v2,payee_recent_180_payer_share_90d_v2,t4,pb_ads_credit.ads_ng_risk_pp_cid_character_360d,pb_ads_credit.ads_ng_risk_pp_cid_character_360d,,收款方: 近90天人数 / 近180天人数,交易行为,支付交易行为特征
236,loancntall,card_pay_days,card_pay_days,t1,pb_ads_credit.direct_send_in_out_para_data_df,pb_ads_credit.direct_send_in_out_para_data_df,$.card_pay_days,银行卡支付天数,交易行为,支付交易行为特征
237,loancntall,repay_ratio_due_180d_t79,repay_ratio_due_180d_t79,t2,pb_biz_credit.keep_jch_ng_cid_repay_feature_final,pb_biz_credit.keep_jch_ng_cid_repay_feature_final,$.repay_ratio_due_180d_t79,79类账户：近180天每期平均还款笔数(还款笔数/应还期数),还款履约,实际还款行为特征
238,loancntall,payee_recent_180_payer_share_60d_v2,payee_recent_180_payer_share_60d_v2,t4,pb_ads_credit.ads_ng_risk_pp_cid_character_360d,pb_ads_credit.ads_ng_risk_pp_cid_character_360d,,收款方: 近60天人数 / 近180天人数,交易行为,支付交易行为特征
239,loancntall,cash_jy_curr_day_cnt,cash_jy_curr_day_cnt,t1,pb_ads_credit.direct_send_in_out_para_data_df,pb_ads_credit.direct_send_in_out_para_data_df,$.cash_jy_curr_day_cnt,cash当日计算累计交易通过客户数,交易行为,支付交易行为特征
240,loancntall,payee_amount_cv_90d_v2,payee_amount_cv_90d_v2,t4,pb_ads_credit.ads_ng_risk_pp_cid_character_360d,pb_ads_credit.ads_ng_risk_pp_cid_character_360d,,"收款方: 过去90天 [T-91, T-2] 收款金额变异系数 (std/mean)",交易行为,支付交易行为特征
241,loancntall,ng_la360ds_bi_overdue_ds_cash_avg_off,ng_la360ds_bi_overdue_ds_cash_avg_off,t1,pb_ads_credit.direct_send_in_out_para_data_df,pb_ads_credit.direct_send_in_out_para_data_df,$.ng_la360ds_bi_overdue_ds_cash_avg_off,近360天逾期天数平均值,逾期催收,逾期表现特征
242,loancntall,flag_offline_limit_adjust,flag_offline_limit_adjust,t1,pb_ads_credit.direct_send_in_out_para_data_df,pb_ads_credit.direct_send_in_out_para_data_df,$.flag_offline_limit_adjust,,,
243,loancntall,wifi_conneted,wifi_conneted,t1,pb_ads_credit.direct_send_in_out_para_data_df,pb_ads_credit.direct_send_in_out_para_data_df,$.wifi_conneted,wifi_conneted,授信申请,移动设备与APP画像特征
244,loancntall,ng_collect_cuiji_unconnect_times_30d,ng_collect_cuiji_unconnect_times_30d,t1,pb_ads_credit.direct_send_in_out_para_data_df,pb_ads_credit.direct_send_in_out_para_data_df,$.ng_collect_cuiji_unconnect_times_30d,近30天催记联系不上次数,逾期催收,逾期表现特征
245,loancntall,electricity_amt_3m,electricity_amt_3m,t1,pb_ads_credit.direct_send_in_out_para_data_df,pb_ads_credit.direct_send_in_out_para_data_df,$.electricity_amt_3m,近3个月电费缴费金额,交易行为,支付交易行为特征
246,loancntall,fail_txn_cnt_180d_v2,fail_txn_cnt_180d_v2,t4,pb_ads_credit.ads_ng_risk_pp_cid_character_360d,pb_ads_credit.ads_ng_risk_pp_cid_character_360d,$.fail_txn_cnt_180d_v2,近180天失败交易笔数(pay_status!=1),交易行为,支付交易行为特征
247,loancntall,max_paid_total_60d_ratio_prev_t79,max_paid_total_60d_ratio_prev_t79,t2,pb_biz_credit.keep_jch_ng_cid_repay_feature_final,pb_biz_credit.keep_jch_ng_cid_repay_feature_final,$.max_paid_total_60d_ratio_prev_t79,最大实付期还总额近60d环比_t79,还款履约,实际还款行为特征
248,loancntall,press_30d_all,press_30d_all,t3,pb_biz_credit.keep_jch_ng_cid_bal_feature_final,pb_biz_credit.keep_jch_ng_cid_bal_feature_final,$.press_30d_all,近30天：all单位还款压力,账户状态,额度使用与账户余额特征
249,loancntall,payee_recent_360_payer_share_30d_v2,payee_recent_360_payer_share_30d_v2,t4,pb_ads_credit.ads_ng_risk_pp_cid_character_360d,pb_ads_credit.ads_ng_risk_pp_cid_character_360d,,收款方: 近30天人数 / 近360天人数,交易行为,支付交易行为特征
250,loancntall,growth_rate_cashbox_7days,growth_rate_cashbox_7days,t11,pb_biz_credit.ng_pp_user_financial_feature_profile_di,pb_biz_credit.ng_pp_user_financial_feature_profile_di,,cashbox账户余额增长率7d,授信申请,收入与财务画像特征
251,loancntall,dpd_due365d_dpd3_bad_eli_rt,dpd_due365d_dpd3_bad_eli_rt,t5,pb_biz_credit.ng_customer_pay_plan_flow_feas,pb_biz_credit.ng_customer_pay_plan_flow_feas,,应还近365天_逾期3天_占比(占达表现期),还款履约,还款计划与账单流水特征
252,loancntall,cat_tools_avg_install_days,cat_tools_avg_install_days,t1,pb_ads_credit.direct_send_in_out_para_data_df,pb_ads_credit.direct_send_in_out_para_data_df,$.cat_tools_avg_install_days,Tools类目 平均安装距今天数,授信申请,移动设备与APP画像特征
253,loancntall,transfer_fail_ratio_180d_v2,transfer_fail_ratio_180d_v2,t4,pb_ads_credit.ads_ng_risk_pp_cid_character_360d,pb_ads_credit.ads_ng_risk_pp_cid_character_360d,$.transfer_fail_ratio_180d_v2,近180天转账(03)失败率,交易行为,支付交易行为特征
254,loancntall,same_device_info_differ_regmobile_total_cnt,same_device_info_differ_regmobile_total_cnt,t1,pb_ads_credit.direct_send_in_out_para_data_df,pb_ads_credit.direct_send_in_out_para_data_df,$.same_device_info_differ_regmobile_total_cnt,指纹绑定用户量,外部数据,多头查询与多证件关联特征
255,loancntall,ratio_press_cur60_prev60_all,ratio_press_cur60_prev60_all,t3,pb_biz_credit.keep_jch_ng_cid_bal_feature_final,pb_biz_credit.keep_jch_ng_cid_bal_feature_final,$.ratio_press_cur60_prev60_all,"压力比值：近60天 / 上60天窗口(60,120]（all）",账户状态,额度使用与账户余额特征
256,loancntall,payer_low_mcht_amt_share_180d_v2,payer_low_mcht_amt_share_180d_v2,t4,pb_ads_credit.ads_ng_risk_pp_cid_character_360d,pb_ads_credit.ads_ng_risk_pp_cid_character_360d,$.payer_low_mcht_amt_share_180d_v2,付款方: 近180天低质商户金额占比,交易行为,支付交易行为特征
257,loancntall,longitude_latitude_sx_succ_cnt_1d,longitude_latitude_sx_succ_cnt_1d,t1,pb_ads_credit.direct_send_in_out_para_data_df,pb_ads_credit.direct_send_in_out_para_data_df,$.longitude_latitude_sx_succ_cnt_1d,近1天经纬度过sx成功总数,授信申请,地理位置与居住工作地特征
258,loancntall,payer_low_mcht_amt_share_15d_v2,payer_low_mcht_amt_share_15d_v2,t4,pb_ads_credit.ads_ng_risk_pp_cid_character_360d,pb_ads_credit.ads_ng_risk_pp_cid_character_360d,$.payer_low_mcht_amt_share_15d_v2,付款方: 近15天低质商户金额占比,交易行为,支付交易行为特征
259,loancntall,payee_amount_cv_180d_v2,payee_amount_cv_180d_v2,t4,pb_ads_credit.ads_ng_risk_pp_cid_character_360d,pb_ads_credit.ads_ng_risk_pp_cid_character_360d,,"收款方: 过去180天 [T-181, T-2] 收款金额变异系数 (std/mean)",交易行为,支付交易行为特征
260,loancntall,payee_avg_txn_per_payer_shift_7d_vs_180d_v2,payee_avg_txn_per_payer_shift_7d_vs_180d_v2,t4,pb_ads_credit.ads_ng_risk_pp_cid_character_360d,pb_ads_credit.ads_ng_risk_pp_cid_character_360d,$.payee_avg_txn_per_payer_shift_7d_vs_180d_v2,收款方: (近7天人均笔数) - (近180天人均笔数) 漂移,交易行为,支付交易行为特征
261,loancntall,payee_low_mcht_amt_share_180d_v2,payee_low_mcht_amt_share_180d_v2,t4,pb_ads_credit.ads_ng_risk_pp_cid_character_360d,pb_ads_credit.ads_ng_risk_pp_cid_character_360d,,收款方: 近180天低质商户金额占比,交易行为,支付交易行为特征
262,loancntall,payee_recent_180_payer_share_7d_v2,payee_recent_180_payer_share_7d_v2,t4,pb_ads_credit.ads_ng_risk_pp_cid_character_360d,pb_ads_credit.ads_ng_risk_pp_cid_character_360d,,收款方: 近7天人数 / 近180天人数,交易行为,支付交易行为特征
263,loancntall,balance_pay_cnt,balance_pay_cnt,t1,pb_ads_credit.direct_send_in_out_para_data_df,pb_ads_credit.direct_send_in_out_para_data_df,$.balance_pay_cnt,个人余额支付次数,账户状态,额度使用与账户余额特征
264,loancntall,dpd_due365d_dpd2_bad_eli_rt,dpd_due365d_dpd2_bad_eli_rt,t5,pb_biz_credit.ng_customer_pay_plan_flow_feas,pb_biz_credit.ng_customer_pay_plan_flow_feas,$.dpd_due365d_dpd2_bad_eli_rt,应还近365天_逾期2天_占比(占达表现期),还款履约,还款计划与账单流水特征
265,loancntall,transfer_fail_ratio_60d_v2,transfer_fail_ratio_60d_v2,t4,pb_ads_credit.ads_ng_risk_pp_cid_character_360d,pb_ads_credit.ads_ng_risk_pp_cid_character_360d,$.transfer_fail_ratio_60d_v2,近60天转账(03)失败率,交易行为,支付交易行为特征
266,loancntall,ng_flexi_last_settlement_days_off,ng_flexi_last_settlement_days_off,t1,pb_ads_credit.direct_send_in_out_para_data_df,pb_ads_credit.direct_send_in_out_para_data_df,$.ng_flexi_last_settlement_days_off,最早结清距今天数,还款履约,实际还款行为特征
267,loancntall,ng_loan_continue_reject_cnt5,ng_loan_continue_reject_cnt5,t1,pb_ads_credit.direct_send_in_out_para_data_df,pb_ads_credit.direct_send_in_out_para_data_df,$.ng_loan_continue_reject_cnt5,尼日利亚贷款连续拒绝cnt5,授信申请,申请行为特征
268,loancntall,gps_city,gps_city,t1,pb_ads_credit.direct_send_in_out_para_data_df,pb_ads_credit.direct_send_in_out_para_data_df,$.gps_city,gps定位信息对应的city,授信申请,地理位置与居住工作地特征
269,loancntall,transfer_fail_cnt_360d_v2,transfer_fail_cnt_360d_v2,t4,pb_ads_credit.ads_ng_risk_pp_cid_character_360d,pb_ads_credit.ads_ng_risk_pp_cid_character_360d,$.transfer_fail_cnt_360d_v2,近360天转账(03)失败笔数,交易行为,支付交易行为特征
270,loancntall,ins_max_available_term,ins_max_available_term,t1,pb_ads_credit.direct_send_in_out_para_data_df,pb_ads_credit.direct_send_in_out_para_data_df,$.ins_max_available_term,最大可用期数,账户状态,借款期限特征
271,loancntall,kyc_tier,kyc_tier,t1,pb_ads_credit.direct_send_in_out_para_data_df,pb_ads_credit.direct_send_in_out_para_data_df,$.kyc_tier,KYCtier,授信申请,申请行为特征
272,loancntall,blacklist_cnt_180d,blacklist_cnt_180d,t9,pb_biz_credit.keep_jch_ng_cid_multi_loan_feature_final,"pb_biz_credit.keep_jch_ng_cid_multi_loan_feature_final, pb_biz_credit.keep_ng_jch_bvn_nin_phn_multi_loan_feature",$.blacklist_cnt_180d,近180天黑名单类产品查询次数,外部数据,多头查询与多证件关联特征
272,loancntall,blacklist_cnt_180d,blacklist_cnt_180d_v1,t10,pb_biz_credit.keep_ng_jch_bvn_nin_phn_multi_loan_feature,"pb_biz_credit.keep_jch_ng_cid_multi_loan_feature_final, pb_biz_credit.keep_ng_jch_bvn_nin_phn_multi_loan_feature",$.blacklist_cnt_180d,近180天黑名单类产品查询次数,外部数据,多头查询与多证件关联特征
273,loancntall,bvn_cnt_30d_div_90d,bvn_cnt_30d_div_90d,t9,pb_biz_credit.keep_jch_ng_cid_multi_loan_feature_final,pb_biz_credit.keep_jch_ng_cid_multi_loan_feature_final,,近30天/近90天 BVN查询次数比,外部数据,多头查询与多证件关联特征
274,loancntall,payee_low_mcht_cnt_90d_v2,payee_low_mcht_cnt_90d_v2,t4,pb_ads_credit.ads_ng_risk_pp_cid_character_360d,pb_ads_credit.ads_ng_risk_pp_cid_character_360d,,收款方: 近90天低质商户笔数(merchant_level=0/空),交易行为,支付交易行为特征
275,loancntall,last_util_1_t9,last_util_1_t9,t6,pb_biz_credit.keep_jch_ng_cid_util_feature_final,pb_biz_credit.keep_jch_ng_cid_util_feature_final,$.last_util_1_t9,t9：最近第1笔 util,账户状态,额度使用与账户余额特征
276,loancntall,avg_util_90d_all,avg_util_90d_all,t6,pb_biz_credit.keep_jch_ng_cid_util_feature_final,pb_biz_credit.keep_jch_ng_cid_util_feature_final,$.avg_util_90d_all,近90天：all单笔util均值,账户状态,额度使用与账户余额特征
277,loancntall,avg_diff_days_90d_t79,avg_diff_days_90d_t79,t2,pb_biz_credit.keep_jch_ng_cid_repay_feature_final,pb_biz_credit.keep_jch_ng_cid_repay_feature_final,$.avg_diff_days_90d_t79,79类账户：近90天平均应还日-实际还款日(天),还款履约,实际还款行为特征
278,loancntall,payee_amount_cv_60d_v2,payee_amount_cv_60d_v2,t4,pb_ads_credit.ads_ng_risk_pp_cid_character_360d,pb_ads_credit.ads_ng_risk_pp_cid_character_360d,$.payee_amount_cv_60d_v2,"收款方: 过去60天 [T-61, T-2] 收款金额变异系数 (std/mean)",交易行为,支付交易行为特征
279,loancntall,payer_unknown_bank_amt_share_360d_v2,payer_unknown_bank_amt_share_360d_v2,t4,pb_ads_credit.ads_ng_risk_pp_cid_character_360d,pb_ads_credit.ads_ng_risk_pp_cid_character_360d,,付款方: 近360天未知银行金额占总付款金额,交易行为,支付交易行为特征
280,loancntall,dpd_due365d_dpd3_bad_due_rt,dpd_due365d_dpd3_bad_due_rt,t5,pb_biz_credit.ng_customer_pay_plan_flow_feas,pb_biz_credit.ng_customer_pay_plan_flow_feas,,应还近365天_逾期3天_占比(占到期),还款履约,还款计划与账单流水特征
281,loancntall,payee_txn_per_day_30d_v2,payee_txn_per_day_30d_v2,t4,pb_ads_credit.ads_ng_risk_pp_cid_character_360d,pb_ads_credit.ads_ng_risk_pp_cid_character_360d,,"收款方: 过去30天 [T-31, T-2] 日均收款笔数 (用首T-2至今T-2天数做分母)",交易行为,支付交易行为特征
282,loancntall,avg_util_15d_all,avg_util_15d_all,t6,pb_biz_credit.keep_jch_ng_cid_util_feature_final,pb_biz_credit.keep_jch_ng_cid_util_feature_final,$.avg_util_15d_all,近15天：all单笔util均值,账户状态,额度使用与账户余额特征
283,loancntall,payee_recent_360_payer_share_15d_v2,payee_recent_360_payer_share_15d_v2,t4,pb_ads_credit.ads_ng_risk_pp_cid_character_360d,pb_ads_credit.ads_ng_risk_pp_cid_character_360d,$.payee_recent_360_payer_share_15d_v2,收款方: 近15天人数 / 近360天人数,交易行为,支付交易行为特征
284,loancntall,payer_low_mcht_amt_share_60d_v2,payer_low_mcht_amt_share_60d_v2,t4,pb_ads_credit.ads_ng_risk_pp_cid_character_360d,pb_ads_credit.ads_ng_risk_pp_cid_character_360d,$.payer_low_mcht_amt_share_60d_v2,付款方: 近60天低质商户金额占比,交易行为,支付交易行为特征
285,loancntall,payee_avg_txn_per_payer_90d_v2,payee_avg_txn_per_payer_90d_v2,t4,pb_ads_credit.ads_ng_risk_pp_cid_character_360d,pb_ads_credit.ads_ng_risk_pp_cid_character_360d,,"收款方: 过去90天 [T-91, T-2] 平均每人收款笔数",交易行为,支付交易行为特征
286,loancntall,util_90d_sumratio_t9,util_90d_sumratio_t9,t6,pb_biz_credit.keep_jch_ng_cid_util_feature_final,pb_biz_credit.keep_jch_ng_cid_util_feature_final,$.util_90d_sumratio_t9,近90天：t9整体util（sumratio）,账户状态,额度使用与账户余额特征
287,loancntall,payee_success_rate_60d_v2,payee_success_rate_60d_v2,t4,pb_ads_credit.ads_ng_risk_pp_cid_character_360d,pb_ads_credit.ads_ng_risk_pp_cid_character_360d,$.payee_success_rate_60d_v2,收款方: 近60天交易成功率(1/(1+2+7)),交易行为,支付交易行为特征
288,loancntall,avg_diff_days_30d_t79,avg_diff_days_30d_t79,t2,pb_biz_credit.keep_jch_ng_cid_repay_feature_final,pb_biz_credit.keep_jch_ng_cid_repay_feature_final,$.avg_diff_days_30d_t79,79类账户：近30天平均应还日-实际还款日(天),还款履约,实际还款行为特征
289,loancntall,avg_tenor_60d_all,avg_tenor_60d_all,t12,pb_biz_credit.keep_jch_ng_cid_tenor_feature_final,pb_biz_credit.keep_jch_ng_cid_tenor_feature_final,$.avg_tenor_60d_all,"近60天：产品类型(7,9) 的借款期限均值",账户状态,借款期限特征
290,loancntall,max_util_15d_t7,max_util_15d_t7,t6,pb_biz_credit.keep_jch_ng_cid_util_feature_final,pb_biz_credit.keep_jch_ng_cid_util_feature_final,$.max_util_15d_t7,近15天：t7单笔util最大值,账户状态,额度使用与账户余额特征
291,loancntall,payee_fail_rate_90d_v2,payee_fail_rate_90d_v2,t4,pb_ads_credit.ads_ng_risk_pp_cid_character_360d,pb_ads_credit.ads_ng_risk_pp_cid_character_360d,$.payee_fail_rate_90d_v2,收款方: 近90天交易失败率((2+7)/(1+2+7)),交易行为,支付交易行为特征
292,loancntall,payee_low_mcht_amt_share_30d_v2,payee_low_mcht_amt_share_30d_v2,t4,pb_ads_credit.ads_ng_risk_pp_cid_character_360d,pb_ads_credit.ads_ng_risk_pp_cid_character_360d,$.payee_low_mcht_amt_share_30d_v2,收款方: 近30天低质商户金额占比,交易行为,支付交易行为特征
293,loancntall,payer_low_mcht_amt_share_90d_v2,payer_low_mcht_amt_share_90d_v2,t4,pb_ads_credit.ads_ng_risk_pp_cid_character_360d,pb_ads_credit.ads_ng_risk_pp_cid_character_360d,,付款方: 近90天低质商户金额占比,交易行为,支付交易行为特征
294,loancntall,databundle_airtime_cnt_1m,databundle_airtime_cnt_1m,t1,pb_ads_credit.direct_send_in_out_para_data_df,pb_ads_credit.direct_send_in_out_para_data_df,$.databundle_airtime_cnt_1m,近一个月流量和花费缴费次数,交易行为,支付交易行为特征
295,loancntall,first_overdue_gap_from_first_loan_days_79,first_overdue_gap_from_first_loan_days_79,t8,pb_biz_credit.keep_ng_jch_cid_overdue_feature_final,pb_biz_credit.keep_ng_jch_cid_overdue_feature_final,$.first_overdue_gap_from_first_loan_days_79,产品79: 首次逾期距首笔贷款创建时间间隔天数（7+9合并）,逾期催收,逾期表现特征
296,loancntall,fail_txn_cnt_360d_v2,fail_txn_cnt_360d_v2,t4,pb_ads_credit.ads_ng_risk_pp_cid_character_360d,pb_ads_credit.ads_ng_risk_pp_cid_character_360d,$.fail_txn_cnt_360d_v2,近360天失败交易笔数(pay_status!=1),交易行为,支付交易行为特征
297,loancntall,avg_diff_days_90d_t9,avg_diff_days_90d_t9,t2,pb_biz_credit.keep_jch_ng_cid_repay_feature_final,pb_biz_credit.keep_jch_ng_cid_repay_feature_final,,9类账户：近90天平均应还日-实际还款日(天),还款履约,实际还款行为特征
298,loancntall,dpd_due180d_dpd4_bad_eli_rt,dpd_due180d_dpd4_bad_eli_rt,t5,pb_biz_credit.ng_customer_pay_plan_flow_feas,pb_biz_credit.ng_customer_pay_plan_flow_feas,,应还近180天_逾期4天_占比(占达表现期),还款履约,还款计划与账单流水特征
299,loancntall,longitude_latitude_sx_succ_cnt_7d,longitude_latitude_sx_succ_cnt_7d,t1,pb_ads_credit.direct_send_in_out_para_data_df,pb_ads_credit.direct_send_in_out_para_data_df,$.longitude_latitude_sx_succ_cnt_7d,近7天经纬度过sx成功总数,授信申请,地理位置与居住工作地特征
300,loancntall,pp_trans_cnt_7d,pp_trans_cnt_7d,t1,pb_ads_credit.direct_send_in_out_para_data_df,pb_ads_credit.direct_send_in_out_para_data_df,$.pp_trans_cnt_7d,PP近7天交易次数,交易行为,支付交易行为特征
301,loancntall,same_inflow_payer_union_other_new_pp_acct_cnt_30d,same_inflow_payer_union_other_new_pp_acct_cnt_30d,t1,pb_ads_credit.direct_send_in_out_para_data_df,pb_ads_credit.direct_send_in_out_para_data_df,$.same_inflow_payer_union_other_new_pp_acct_cnt_30d,,,
302,loancntall,payer_amount_cv_180d_v2,payer_amount_cv_180d_v2,t4,pb_ads_credit.ads_ng_risk_pp_cid_character_360d,pb_ads_credit.ads_ng_risk_pp_cid_character_360d,$.payer_amount_cv_180d_v2,"付款方: 过去180天 [T-181, T-2] 付款金额变异系数 (std/mean)",交易行为,支付交易行为特征
303,loancntall,std_util_180d_all,std_util_180d_all,t6,pb_biz_credit.keep_jch_ng_cid_util_feature_final,pb_biz_credit.keep_jch_ng_cid_util_feature_final,$.std_util_180d_all,近180天：all util标准差,账户状态,额度使用与账户余额特征
304,loancntall,avg_tenor_90d_all,avg_tenor_90d_all,t12,pb_biz_credit.keep_jch_ng_cid_tenor_feature_final,pb_biz_credit.keep_jch_ng_cid_tenor_feature_final,$.avg_tenor_90d_all,"近90天：产品类型(7,9) 的借款期限均值",账户状态,借款期限特征
305,loancntall,max_od_days_60d_9,max_od_days_60d_9,t8,pb_biz_credit.keep_ng_jch_cid_overdue_feature_final,pb_biz_credit.keep_ng_jch_cid_overdue_feature_final,,产品9: 近60天最大逾期天数,逾期催收,逾期表现特征
306,loancntall,if_af_reject,if_af_reject,t1,pb_ads_credit.direct_send_in_out_para_data_df,pb_ads_credit.direct_send_in_out_para_data_df,$.if_af_reject,,,
307,loancntall,press_15d_all,press_15d_all,t3,pb_biz_credit.keep_jch_ng_cid_bal_feature_final,pb_biz_credit.keep_jch_ng_cid_bal_feature_final,,近15天：all单位还款压力,账户状态,额度使用与账户余额特征
308,loancntall,avg_savings_rate_3m_v2,avg_savings_rate_3m_v2,t4,pb_ads_credit.ads_ng_risk_pp_cid_character_360d,pb_ads_credit.ads_ng_risk_pp_cid_character_360d,,近3个自然月储蓄率=(入合计-出合计)/入合计,交易行为,支付交易行为特征
309,loancntall,ng_compare_target_img_matches_similarity_zy_rt,ng_compare_target_img_matches_similarity_zy_rt,t1,pb_ads_credit.direct_send_in_out_para_data_df,pb_ads_credit.direct_send_in_out_para_data_df,$.ng_compare_target_img_matches_similarity_zy_rt,现金贷.基本信息.自研人脸分数,通用技术,模型分与策略评分字段
310,loancntall,last1_od_days_9,last1_od_days_9,t8,pb_biz_credit.keep_ng_jch_cid_overdue_feature_final,pb_biz_credit.keep_ng_jch_cid_overdue_feature_final,$.last1_od_days_9,产品9: 最近第1笔贷款最大逾期天数,逾期催收,逾期表现特征
311,loancntall,payer_amount_cv_7d_v2,payer_amount_cv_7d_v2,t4,pb_ads_credit.ads_ng_risk_pp_cid_character_360d,pb_ads_credit.ads_ng_risk_pp_cid_character_360d,,"付款方: 过去7天 [T-8, T-2] 付款金额变异系数 (std/mean)",交易行为,支付交易行为特征
312,loancntall,cash_his_repay_cnt,cash_his_repay_cnt,t1,pb_ads_credit.direct_send_in_out_para_data_df,pb_ads_credit.direct_send_in_out_para_data_df,$.cash_his_repay_cnt,,,
313,loancntall,payee_avg_txn_per_payer_180d_v2,payee_avg_txn_per_payer_180d_v2,t4,pb_ads_credit.ads_ng_risk_pp_cid_character_360d,pb_ads_credit.ads_ng_risk_pp_cid_character_360d,$.payee_avg_txn_per_payer_180d_v2,"收款方: 过去180天 [T-181, T-2] 平均每人收款笔数",交易行为,支付交易行为特征
314,loancntall,payee_amount_cv_30d_v2,payee_amount_cv_30d_v2,t4,pb_ads_credit.ads_ng_risk_pp_cid_character_360d,pb_ads_credit.ads_ng_risk_pp_cid_character_360d,,"收款方: 过去30天 [T-31, T-2] 收款金额变异系数 (std/mean)",交易行为,支付交易行为特征
315,loancntall,multi_data_cnt_30d_div_90d,multi_data_cnt_30d_div_90d,t9,pb_biz_credit.keep_jch_ng_cid_multi_loan_feature_final,pb_biz_credit.keep_jch_ng_cid_multi_loan_feature_final,,近30天/近90天 多源数据查询次数比,外部数据,多头查询与多证件关联特征
316,loancntall,ng_la30ds_quota_use_ratio_cash_min_off,ng_la30ds_quota_use_ratio_cash_min_off,t1,pb_ads_credit.direct_send_in_out_para_data_df,pb_ads_credit.direct_send_in_out_para_data_df,$.ng_la30ds_quota_use_ratio_cash_min_off,近30天额度使用率最小值,账户状态,授信额度特征
317,loancntall,util_180d_sumratio_t9,util_180d_sumratio_t9,t6,pb_biz_credit.keep_jch_ng_cid_util_feature_final,pb_biz_credit.keep_jch_ng_cid_util_feature_final,,近180天：t9整体util（sumratio）,账户状态,额度使用与账户余额特征
318,loancntall,savings_rate_t1_v2,savings_rate_t1_v2,t4,pb_ads_credit.ads_ng_risk_pp_cid_character_360d,pb_ads_credit.ads_ng_risk_pp_cid_character_360d,,自然月T-1储蓄率=(入-出)/入,交易行为,支付交易行为特征
319,loancntall,dpd_due180d_dpd3_bad_eli_rt,dpd_due180d_dpd3_bad_eli_rt,t5,pb_biz_credit.ng_customer_pay_plan_flow_feas,pb_biz_credit.ng_customer_pay_plan_flow_feas,$.dpd_due180d_dpd3_bad_eli_rt,应还近180天_逾期3天_占比(占达表现期),还款履约,还款计划与账单流水特征
320,loancntall,active_ratio_due_180d_t79,active_ratio_due_180d_t79,t2,pb_biz_credit.keep_jch_ng_cid_repay_feature_final,pb_biz_credit.keep_jch_ng_cid_repay_feature_final,$.active_ratio_due_180d_t79,79类账户：近180天每期平均主动还款笔数(主动笔数/应还期数),还款履约,实际还款行为特征
321,loancntall,avg_diff_days_60d_t7,avg_diff_days_60d_t7,t2,pb_biz_credit.keep_jch_ng_cid_repay_feature_final,pb_biz_credit.keep_jch_ng_cid_repay_feature_final,$.avg_diff_days_60d_t7,7类账户：近60天平均应还日-实际还款日(天),还款履约,实际还款行为特征
322,loancntall,min_util_180d_t9,min_util_180d_t9,t6,pb_biz_credit.keep_jch_ng_cid_util_feature_final,pb_biz_credit.keep_jch_ng_cid_util_feature_final,$.min_util_180d_t9,近180天：t9单笔util最小值,账户状态,额度使用与账户余额特征
323,loancntall,ratio_press_cur90_prev90_all,ratio_press_cur90_prev90_all,t3,pb_biz_credit.keep_jch_ng_cid_bal_feature_final,pb_biz_credit.keep_jch_ng_cid_bal_feature_final,$.ratio_press_cur90_prev90_all,"压力比值：近90天 / 上90天窗口(90,180]（all）",账户状态,额度使用与账户余额特征
324,loancntall,max_tenor_60d_all,max_tenor_60d_all,t12,pb_biz_credit.keep_jch_ng_cid_tenor_feature_final,pb_biz_credit.keep_jch_ng_cid_tenor_feature_final,,"近60天：产品类型(7,9) 的借款期限最大值",账户状态,借款期限特征
325,loancntall,cnt_apply_30d_type7,cnt_apply_30d_type7,t1,pb_ads_credit.direct_send_in_out_para_data_df,pb_ads_credit.direct_send_in_out_para_data_df,$.cnt_apply_30d_type7,近30天产品类型7申请次数,授信申请,申请行为特征
326,loancntall,last1_od_days_7,last1_od_days_7,t8,pb_biz_credit.keep_ng_jch_cid_overdue_feature_final,pb_biz_credit.keep_ng_jch_cid_overdue_feature_final,$.last1_od_days_7,产品7: 最近第1笔贷款最大逾期天数,逾期催收,逾期表现特征
327,loancntall,first_overdue_gap_from_first_loan_days_7,first_overdue_gap_from_first_loan_days_7,t8,pb_biz_credit.keep_ng_jch_cid_overdue_feature_final,pb_biz_credit.keep_ng_jch_cid_overdue_feature_final,$.first_overdue_gap_from_first_loan_days_7,产品7: 首次逾期距首笔贷款创建时间间隔天数,逾期催收,逾期表现特征
328,loancntall,payer_amount_cv_90d_v2,payer_amount_cv_90d_v2,t4,pb_ads_credit.ads_ng_risk_pp_cid_character_360d,pb_ads_credit.ads_ng_risk_pp_cid_character_360d,,"付款方: 过去90天 [T-91, T-2] 付款金额变异系数 (std/mean)",交易行为,支付交易行为特征
329,loancntall,first_util_1_all,first_util_1_all,t6,pb_biz_credit.keep_jch_ng_cid_util_feature_final,pb_biz_credit.keep_jch_ng_cid_util_feature_final,$.first_util_1_all,all：最早第1笔 util,账户状态,额度使用与账户余额特征
330,loancntall,ratio_press_cur15_prev15_all,ratio_press_cur15_prev15_all,t3,pb_biz_credit.keep_jch_ng_cid_bal_feature_final,pb_biz_credit.keep_jch_ng_cid_bal_feature_final,$.ratio_press_cur15_prev15_all,"压力比值：近15天 / 上15天窗口(15,30]（all）",账户状态,额度使用与账户余额特征
331,loancntall,payer_amount_cv_30d_v2,payer_amount_cv_30d_v2,t4,pb_ads_credit.ads_ng_risk_pp_cid_character_360d,pb_ads_credit.ads_ng_risk_pp_cid_character_360d,$.payer_amount_cv_30d_v2,"付款方: 过去30天 [T-31, T-2] 付款金额变异系数 (std/mean)",交易行为,支付交易行为特征
332,loancntall,repay_pay_cnt_180d_t79,repay_pay_cnt_180d_t79,t2,pb_biz_credit.keep_jch_ng_cid_repay_feature_final,pb_biz_credit.keep_jch_ng_cid_repay_feature_final,,79类账户：近180天还款流水笔数(主动+代扣),还款履约,实际还款行为特征
333,loancntall,last_overdue_gap_to_asof_days_7,last_overdue_gap_to_asof_days_7,t8,pb_biz_credit.keep_ng_jch_cid_overdue_feature_final,pb_biz_credit.keep_ng_jch_cid_overdue_feature_final,$.last_overdue_gap_to_asof_days_7,产品7: 距最近一次逾期应还日的间隔天数（as_of_date - last_overdue_repay_date）,逾期催收,逾期表现特征
334,loancntall,repay_to_topup_ratio_360d_v2,repay_to_topup_ratio_360d_v2,t4,pb_ads_credit.ads_ng_risk_pp_cid_character_360d,pb_ads_credit.ads_ng_risk_pp_cid_character_360d,,"类别衍生: 过去360天 [T-361, T-2] 还款总额 / 充值总额 (分母为0时为NULL)",交易行为,支付交易行为特征
335,loancntall,payer_amount_cv_60d_v2,payer_amount_cv_60d_v2,t4,pb_ads_credit.ads_ng_risk_pp_cid_character_360d,pb_ads_credit.ads_ng_risk_pp_cid_character_360d,$.payer_amount_cv_60d_v2,"付款方: 过去60天 [T-61, T-2] 付款金额变异系数 (std/mean)",交易行为,支付交易行为特征
336,loancntall,ng_ins_period_use_ratio,ng_ins_period_use_ratio,t1,pb_ads_credit.direct_send_in_out_para_data_df,pb_ads_credit.direct_send_in_out_para_data_df,$.ng_ins_period_use_ratio,,,
337,loancntall,dpd_due_latest_dpd1_bad_eli_rt,dpd_due_latest_dpd1_bad_eli_rt,t5,pb_biz_credit.ng_customer_pay_plan_flow_feas,pb_biz_credit.ng_customer_pay_plan_flow_feas,,最近一笔借据_逾期1天_占比(占达表现期),还款履约,还款计划与账单流水特征
338,loancntall,cash_increase_cnt_last_30d,cash_increase_cnt_last_30d,t1,pb_ads_credit.direct_send_in_out_para_data_df,pb_ads_credit.direct_send_in_out_para_data_df,$.cash_increase_cnt_last_30d,cash近30天提额次数,账户状态,授信额度特征
339,loancntall,ratio_press_cur7_prev7_all,ratio_press_cur7_prev7_all,t3,pb_biz_credit.keep_jch_ng_cid_bal_feature_final,pb_biz_credit.keep_jch_ng_cid_bal_feature_final,$.ratio_press_cur7_prev7_all,"压力比值：近7天 / 上7天窗口(7,14]（all）",账户状态,额度使用与账户余额特征
340,loancntall,last_util_1_t7,last_util_1_t7,t6,pb_biz_credit.keep_jch_ng_cid_util_feature_final,pb_biz_credit.keep_jch_ng_cid_util_feature_final,$.last_util_1_t7,t7：最近第1笔 util,账户状态,额度使用与账户余额特征
341,loancntall,dpd_due_latest_dpd1_bad_due_rt,dpd_due_latest_dpd1_bad_due_rt,t5,pb_biz_credit.ng_customer_pay_plan_flow_feas,pb_biz_credit.ng_customer_pay_plan_flow_feas,,最近一笔借据_逾期1天_占比(占到期),还款履约,还款计划与账单流水特征
342,loancntall,ontime_settle_loan_cnt_180d_t79,ontime_settle_loan_cnt_180d_t79,t2,pb_biz_credit.keep_jch_ng_cid_repay_feature_final,pb_biz_credit.keep_jch_ng_cid_repay_feature_final,$.ontime_settle_loan_cnt_180d_t79,79类账户：近180天按时结清贷款笔数,还款履约,实际还款行为特征
343,loancntall,total_finsave_amt_20w_days_d30,total_finsave_amt_20w_days_d30,t1,pb_ads_credit.direct_send_in_out_para_data_df,pb_ads_credit.direct_send_in_out_para_data_df,$.total_finsave_amt_20w_days_d30,近30天理财余额高于20万的天数,账户状态,额度使用与账户余额特征
344,loancntall,ins_last_loan_term,ins_last_loan_term,t1,pb_ads_credit.direct_send_in_out_para_data_df,pb_ads_credit.direct_send_in_out_para_data_df,$.ins_last_loan_term,大额分期最近一笔的借据的借款期数,账户状态,借款期限特征
345,loancntall,first_util_3_t9,first_util_3_t9,t6,pb_biz_credit.keep_jch_ng_cid_util_feature_final,pb_biz_credit.keep_jch_ng_cid_util_feature_final,$.first_util_3_t9,t9：最早第3笔 util,账户状态,额度使用与账户余额特征
346,loancntall,installment_period_ratio_last5_orders,installment_period_ratio_last5_orders,t1,pb_ads_credit.direct_send_in_out_para_data_df,pb_ads_credit.direct_send_in_out_para_data_df,$.installment_period_ratio_last5_orders,用户大额分期近5笔的期限使用率,账户状态,借款期限特征
347,overdue,available_balance_total,available_balance_total,t1,pb_ads_credit.direct_send_in_out_para_data_df,pb_ads_credit.direct_send_in_out_para_data_df,$.available_balance_total,钱包余额,账户状态,额度使用与账户余额特征
348,overdue,payer_amount_median_180d_v2,payer_amount_median_180d_v2,t1,pb_ads_credit.direct_send_in_out_para_data_df,pb_ads_credit.direct_send_in_out_para_data_df,$.payer_amount_median_180d_v2,"付款方: 过去180天 [T-181, T-2] 付款中位数",交易行为,支付交易行为特征
349,overdue,ng_la30ds_bi_paid_penalty_cash_avg_off,ng_la30ds_bi_paid_penalty_cash_avg_off,t1,pb_ads_credit.direct_send_in_out_para_data_df,pb_ads_credit.direct_send_in_out_para_data_df,$.ng_la30ds_bi_paid_penalty_cash_avg_off,近30天已还罚息平均值,还款履约,实际还款行为特征
350,overdue,cash_settle_loan_cnt,cash_settle_loan_cnt,t1,pb_ads_credit.direct_send_in_out_para_data_df,pb_ads_credit.direct_send_in_out_para_data_df,$.cash_settle_loan_cnt,Cash结清贷款次数,还款履约,实际还款行为特征
351,overdue,curr_loan_terms,curr_loan_terms,t1,pb_ads_credit.direct_send_in_out_para_data_df,pb_ads_credit.direct_send_in_out_para_data_df,$.curr_loan_terms,business_loan当前借据借款期数,账户状态,借款期限特征
352,overdue,payer_repay_cnt_360d_v2,payer_repay_cnt_360d_v2_v1,t4,pb_ads_credit.ads_ng_risk_pp_cid_character_360d,pb_ads_credit.ads_ng_risk_pp_cid_character_360d,$.payer_repay_cnt_360d_v2,"类别: 过去360天 [T-361, T-2] 还款(j7,g7)笔数",交易行为,支付交易行为特征
353,overdue,avg_tenor_180d_all,avg_tenor_180d_all,t12,pb_biz_credit.keep_jch_ng_cid_tenor_feature_final,pb_biz_credit.keep_jch_ng_cid_tenor_feature_final,$.avg_tenor_180d_all,"近180天：产品类型(7,9) 的借款期限均值",账户状态,借款期限特征
354,overdue,max_paid_interest_180d_t7,max_paid_interest_180d_t7,t1,pb_ads_credit.direct_send_in_out_para_data_df,pb_ads_credit.direct_send_in_out_para_data_df,$.max_paid_interest_180d_t7,近180天最大实付期还利息_t7,还款履约,实际还款行为特征
355,overdue,payer_repay_cnt_60d_v2,payer_repay_cnt_60d_v2,t4,pb_ads_credit.ads_ng_risk_pp_cid_character_360d,pb_ads_credit.ads_ng_risk_pp_cid_character_360d,$.payer_repay_cnt_60d_v2,"类别: 过去60天 [T-61, T-2] 还款(j7,g7)笔数",交易行为,支付交易行为特征
356,overdue,avg_balance_all_7days,avg_balance_all_7days,t11,pb_biz_credit.ng_pp_user_financial_feature_profile_di,pb_biz_credit.ng_pp_user_financial_feature_profile_di,$.avg_balance_all_7days,近7日总余额均值,授信申请,收入与财务画像特征
357,overdue,ng_cash_overdue_7d_ratio,ng_cash_overdue_7d_ratio,t1,pb_ads_credit.direct_send_in_out_para_data_df,pb_ads_credit.direct_send_in_out_para_data_df,$.ng_cash_overdue_7d_ratio,逾期7天占总放款次数,逾期催收,逾期表现特征
358,overdue,p20_total_finsave_amt_d60,p20_total_finsave_amt_d60,t1,pb_ads_credit.direct_send_in_out_para_data_df,pb_ads_credit.direct_send_in_out_para_data_df,$.p20_total_finsave_amt_d60,近60天20分位理财金额,授信申请,收入与财务画像特征
359,overdue,ng_same_bvn_card_no_overduedays_ins,ng_same_bvn_card_no_overduedays_ins,t1,pb_ads_credit.direct_send_in_out_para_data_df,pb_ads_credit.direct_send_in_out_para_data_df,$.ng_same_bvn_card_no_overduedays_ins,同一个bvn对应的大额分期当前逾期天数,逾期催收,逾期表现特征
360,overdue,ng_cash_total_jy_months_off,ng_cash_total_jy_months_off,t1,pb_ads_credit.direct_send_in_out_para_data_df,pb_ads_credit.direct_send_in_out_para_data_df,$.ng_cash_total_jy_months_off,使用账龄数（计算实际发生借款月数）,账户状态,借款期限特征
361,overdue,cust_last1_overdue_days,cust_last1_overdue_days,t1,pb_ads_credit.direct_send_in_out_para_data_df,pb_ads_credit.direct_send_in_out_para_data_df,$.cust_last1_overdue_days,客户最近第一笔借据最大逾期,逾期催收,逾期表现特征
362,overdue,diff_balance_targetsaving_7days,diff_balance_targetsaving_7days,t11,pb_biz_credit.ng_pp_user_financial_feature_profile_di,pb_biz_credit.ng_pp_user_financial_feature_profile_di,$.diff_balance_targetsaving_7days,目标存净增额7d,授信申请,收入与财务画像特征
363,overdue,max_trans_amt_3m,max_trans_amt_3m,t1,pb_ads_credit.direct_send_in_out_para_data_df,pb_ads_credit.direct_send_in_out_para_data_df,$.max_trans_amt_3m,现金贷.平台交易.max_trans_amt_3m,交易行为,支付交易行为特征
364,overdue,transfer_amt_1m_2m,transfer_amt_1m_2m,t1,pb_ads_credit.direct_send_in_out_para_data_df,pb_ads_credit.direct_send_in_out_para_data_df,$.transfer_amt_1m_2m,近两个月到近一个月转账金额,交易行为,支付交易行为特征
365,overdue,ng_cash_success_loan_cnt_d7,ng_cash_success_loan_cnt_d7,t1,pb_ads_credit.direct_send_in_out_para_data_df,pb_ads_credit.direct_send_in_out_para_data_df,$.ng_cash_success_loan_cnt_d7,客户最近7天成功交易笔数,还款履约,还款计划与账单流水特征
366,overdue,total_pay_50_rate,total_pay_50_rate,t1,pb_ads_credit.direct_send_in_out_para_data_df,pb_ads_credit.direct_send_in_out_para_data_df,$.total_pay_50_rate,实际支付高于订单金额一半的次数占总交易次数率,交易行为,支付交易行为特征
367,overdue,fpd_loan180d_dpd1_eli_rt,fpd_loan180d_dpd1_eli_rt,t5,pb_biz_credit.ng_customer_pay_plan_flow_feas,pb_biz_credit.ng_customer_pay_plan_flow_feas,,放款近180天_FPD1_占比(占达表现期),还款履约,还款计划与账单流水特征
368,overdue,flexi_last2_max_overdue_days,flexi_last2_max_overdue_days,t1,pb_ads_credit.direct_send_in_out_para_data_df,pb_ads_credit.direct_send_in_out_para_data_df,$.flexi_last2_max_overdue_days,客户flexi最近2个账期最大逾期天数,逾期催收,逾期表现特征
369,overdue,longitude,longitude,t1,pb_ads_credit.direct_send_in_out_para_data_df,pb_ads_credit.direct_send_in_out_para_data_df,$.longitude,经度,授信申请,地理位置与居住工作地特征
370,overdue,payee_recent_360_txn_share_15d_v2,payee_recent_360_txn_share_15d_v2,t4,pb_ads_credit.ads_ng_risk_pp_cid_character_360d,pb_ads_credit.ads_ng_risk_pp_cid_character_360d,$.payee_recent_360_txn_share_15d_v2,收款方: 近15天笔数 / 近360天笔数,交易行为,支付交易行为特征
371,overdue,ng_la3times_bi_overdue_ds_cash_avg_rt,ng_la3times_bi_overdue_ds_cash_avg_rt,t1,pb_ads_credit.direct_send_in_out_para_data_df,pb_ads_credit.direct_send_in_out_para_data_df,$.ng_la3times_bi_overdue_ds_cash_avg_rt,最近3次逾期天数平均值,逾期催收,逾期表现特征
372,overdue,transfer_fail_ratio_90d_v2,transfer_fail_ratio_90d_v2,t4,pb_ads_credit.ads_ng_risk_pp_cid_character_360d,pb_ads_credit.ads_ng_risk_pp_cid_character_360d,$.transfer_fail_ratio_90d_v2,近90天转账(03)失败率,交易行为,支付交易行为特征
373,overdue,payee_success_rate_360d_v2,payee_success_rate_360d_v2,t4,pb_ads_credit.ads_ng_risk_pp_cid_character_360d,pb_ads_credit.ads_ng_risk_pp_cid_character_360d,$.payee_success_rate_360d_v2,收款方: 近360天交易成功率(1/(1+2+7)),交易行为,支付交易行为特征
374,overdue,loan_period_days,loan_period_days,t1,pb_ads_credit.direct_send_in_out_para_data_df,pb_ads_credit.direct_send_in_out_para_data_df,$.loan_period_days,business_loan当前借据借款天数,账户状态,借款期限特征
375,overdue,user_tenure_days,user_tenure_days,t11,pb_biz_credit.ng_pp_user_financial_feature_profile_di,pb_biz_credit.ng_pp_user_financial_feature_profile_di,$.user_tenure_days,名下最早理财账户创建距今天数,授信申请,收入与财务画像特征
376,overdue,payee_recent_180_txn_share_15d_v2,payee_recent_180_txn_share_15d_v2,t4,pb_ads_credit.ads_ng_risk_pp_cid_character_360d,pb_ads_credit.ads_ng_risk_pp_cid_character_360d,$.payee_recent_180_txn_share_15d_v2,收款方: 近15天笔数 / 近180天笔数,交易行为,支付交易行为特征
377,overdue,dpd_due90d_dpd3_bad_due_rt,dpd_due90d_dpd3_bad_due_rt,t5,pb_biz_credit.ng_customer_pay_plan_flow_feas,pb_biz_credit.ng_customer_pay_plan_flow_feas,$.dpd_due90d_dpd3_bad_due_rt,应还近90天_逾期3天_占比(占到期),还款履约,还款计划与账单流水特征
378,overdue,airtime_amt_3m,airtime_amt_3m,t1,pb_ads_credit.direct_send_in_out_para_data_df,pb_ads_credit.direct_send_in_out_para_data_df,$.airtime_amt_3m,近3个月话费充值金额,交易行为,支付交易行为特征
379,overdue,payee_recent_180_txn_share_90d_v2,payee_recent_180_txn_share_90d_v2,t4,pb_ads_credit.ads_ng_risk_pp_cid_character_360d,pb_ads_credit.ads_ng_risk_pp_cid_character_360d,,收款方: 近90天笔数 / 近180天笔数,交易行为,支付交易行为特征
380,overdue,card_pay_cnt,card_pay_cnt,t1,pb_ads_credit.direct_send_in_out_para_data_df,pb_ads_credit.direct_send_in_out_para_data_df,$.card_pay_cnt,银行卡支付次数,交易行为,支付交易行为特征
381,overdue,loan_net_inflow_30d_v2,loan_net_inflow_30d_v2,t4,pb_ads_credit.ads_ng_risk_pp_cid_character_360d,pb_ads_credit.ads_ng_risk_pp_cid_character_360d,$.loan_net_inflow_30d_v2,近30天借款入金-还款出金净额,交易行为,支付交易行为特征
382,overdue,payer_recent_180_txn_share_90d_v2,payer_recent_180_txn_share_90d_v2,t4,pb_ads_credit.ads_ng_risk_pp_cid_character_360d,pb_ads_credit.ads_ng_risk_pp_cid_character_360d,,付款方: 近90天笔数 / 近180天笔数,交易行为,支付交易行为特征
383,overdue,fail_txn_ratio_60d_v2,fail_txn_ratio_60d_v2,t4,pb_ads_credit.ads_ng_risk_pp_cid_character_360d,pb_ads_credit.ads_ng_risk_pp_cid_character_360d,$.fail_txn_ratio_60d_v2,近60天失败率(失败/总尝试),交易行为,支付交易行为特征
384,overdue,trans_mon_rate,trans_mon_rate,t1,pb_ads_credit.direct_send_in_out_para_data_df,pb_ads_credit.direct_send_in_out_para_data_df,$.trans_mon_rate,交易循环度,账户状态,借款期限特征
385,overdue,bank_cnt_180d,bank_cnt_180d,t9,pb_biz_credit.keep_jch_ng_cid_multi_loan_feature_final,"pb_biz_credit.keep_jch_ng_cid_multi_loan_feature_final, pb_biz_credit.keep_ng_jch_bvn_nin_phn_multi_loan_feature",$.bank_cnt_180d,近180天银行/账户类产品查询次数,外部数据,多头查询与多证件关联特征
385,overdue,bank_cnt_180d,bank_cnt_180d_v1,t10,pb_biz_credit.keep_ng_jch_bvn_nin_phn_multi_loan_feature,"pb_biz_credit.keep_jch_ng_cid_multi_loan_feature_final, pb_biz_credit.keep_ng_jch_bvn_nin_phn_multi_loan_feature",$.bank_cnt_180d,近180天银行/账户类产品查询次数,外部数据,多头查询与多证件关联特征
386,overdue,databundle_airtime_amt_2m_3m,databundle_airtime_amt_2m_3m,t1,pb_ads_credit.direct_send_in_out_para_data_df,pb_ads_credit.direct_send_in_out_para_data_df,$.databundle_airtime_amt_2m_3m,近三个月到近两个月流量和花费缴费金额,交易行为,支付交易行为特征
387,overdue,payer_success_rate_30d_v2,payer_success_rate_30d_v2,t4,pb_ads_credit.ads_ng_risk_pp_cid_character_360d,pb_ads_credit.ads_ng_risk_pp_cid_character_360d,$.payer_success_rate_30d_v2,付款方: 近30天交易成功率(1/(1+2+7)),交易行为,支付交易行为特征
388,overdue,payer_success_rate_7d_v2,payer_success_rate_7d_v2,t4,pb_ads_credit.ads_ng_risk_pp_cid_character_360d,pb_ads_credit.ads_ng_risk_pp_cid_character_360d,,付款方: 近7天交易成功率(1/(1+2+7)),交易行为,支付交易行为特征
389,overdue,press_over_quota_180d_t7,press_over_quota_180d_t7,t3,pb_biz_credit.keep_jch_ng_cid_bal_feature_final,pb_biz_credit.keep_jch_ng_cid_bal_feature_final,$.press_over_quota_180d_t7,近180天：t7压力/额度,账户状态,额度使用与账户余额特征
390,overdue,max_income_day_std_3m_v2,max_income_day_std_3m_v2,t4,pb_ads_credit.ads_ng_risk_pp_cid_character_360d,pb_ads_credit.ads_ng_risk_pp_cid_character_360d,,收入规律性: 近3个月入金最高日标准差(收款侧),交易行为,支付交易行为特征
391,overdue,payee_amount_cv_15d_v2,payee_amount_cv_15d_v2,t4,pb_ads_credit.ads_ng_risk_pp_cid_character_360d,pb_ads_credit.ads_ng_risk_pp_cid_character_360d,,"收款方: 过去15天 [T-16, T-2] 收款金额变异系数 (std/mean)",交易行为,支付交易行为特征
392,overdue,ss_auto_dep_last_days,ss_auto_dep_last_days,t11,pb_biz_credit.ng_pp_user_financial_feature_profile_di,pb_biz_credit.ng_pp_user_financial_feature_profile_di,,Spend Save最近一次自动转入成功距今天数,授信申请,收入与财务画像特征
393,overdue,ca1_last2_bill_max_overdue_days,ca1_last2_bill_max_overdue_days,t1,pb_ads_credit.direct_send_in_out_para_data_df,pb_ads_credit.direct_send_in_out_para_data_df,$.ca1_last2_bill_max_overdue_days,cash最近2个账期最大逾期天数,逾期催收,逾期表现特征
394,overdue,payee_success_rate_7d_v2,payee_success_rate_7d_v2,t4,pb_ads_credit.ads_ng_risk_pp_cid_character_360d,pb_ads_credit.ads_ng_risk_pp_cid_character_360d,$.payee_success_rate_7d_v2,收款方: 近7天交易成功率(1/(1+2+7)),交易行为,支付交易行为特征
395,overdue,flexi_apply_last1_sx_days,flexi_apply_last1_sx_days,t1,pb_ads_credit.direct_send_in_out_para_data_df,pb_ads_credit.direct_send_in_out_para_data_df,$.flexi_apply_last1_sx_days,flexi申请授信最近一次授信距当前天数,授信申请,申请行为特征
396,overdue,max_total_finsave_amt_d30,max_total_finsave_amt_d30,t1,pb_ads_credit.direct_send_in_out_para_data_df,pb_ads_credit.direct_send_in_out_para_data_df,$.max_total_finsave_amt_d30,近30天理财最大余额,账户状态,额度使用与账户余额特征
397,overdue,press_over_quota_30d_all,press_over_quota_30d_all,t3,pb_biz_credit.keep_jch_ng_cid_bal_feature_final,pb_biz_credit.keep_jch_ng_cid_bal_feature_final,,近30天：all压力/额度,账户状态,额度使用与账户余额特征
398,overdue,payee_success_rate_90d_v2,payee_success_rate_90d_v2,t4,pb_ads_credit.ads_ng_risk_pp_cid_character_360d,pb_ads_credit.ads_ng_risk_pp_cid_character_360d,$.payee_success_rate_90d_v2,收款方: 近90天交易成功率(1/(1+2+7)),交易行为,支付交易行为特征
399,overdue,dpd_due180d_dpd8_bad_eli_rt,dpd_due180d_dpd8_bad_eli_rt,t5,pb_biz_credit.ng_customer_pay_plan_flow_feas,pb_biz_credit.ng_customer_pay_plan_flow_feas,,应还近180天_逾期8天_占比(占达表现期),还款履约,还款计划与账单流水特征
400,overdue,repay_ratio_due_90d_t7,repay_ratio_due_90d_t7,t2,pb_biz_credit.keep_jch_ng_cid_repay_feature_final,pb_biz_credit.keep_jch_ng_cid_repay_feature_final,$.repay_ratio_due_90d_t7,7类账户：近90天每期平均还款笔数(还款笔数/应还期数),还款履约,实际还款行为特征
401,overdue,diff_balance_spendsave_30days,diff_balance_spendsave_30days,t11,pb_biz_credit.ng_pp_user_financial_feature_profile_di,pb_biz_credit.ng_pp_user_financial_feature_profile_di,,SpendSave净增额30d,授信申请,收入与财务画像特征
402,overdue,min_util_180d_t7,min_util_180d_t7,t6,pb_biz_credit.keep_jch_ng_cid_util_feature_final,pb_biz_credit.keep_jch_ng_cid_util_feature_final,,近180天：t7单笔util最小值,账户状态,额度使用与账户余额特征
403,overdue,payee_recent_180_txn_share_30d_v2,payee_recent_180_txn_share_30d_v2,t4,pb_ads_credit.ads_ng_risk_pp_cid_character_360d,pb_ads_credit.ads_ng_risk_pp_cid_character_360d,$.payee_recent_180_txn_share_30d_v2,收款方: 近30天笔数 / 近180天笔数,交易行为,支付交易行为特征
404,overdue,payer_start_of_month_amount_ratio_30d_v2,payer_start_of_month_amount_ratio_30d_v2,t4,pb_ads_credit.ads_ng_risk_pp_cid_character_360d,pb_ads_credit.ads_ng_risk_pp_cid_character_360d,,付款方: 近30天 月初付款金额 / 总金额,交易行为,支付交易行为特征
405,overdue,avg_tenor_180d_t7,avg_tenor_180d_t7,t12,pb_biz_credit.keep_jch_ng_cid_tenor_feature_final,pb_biz_credit.keep_jch_ng_cid_tenor_feature_final,,近180天：产品类型7 的借款期限均值,账户状态,借款期限特征
406,overdue,dpd_due365d_dpd1_bad_due_rt,dpd_due365d_dpd1_bad_due_rt,t5,pb_biz_credit.ng_customer_pay_plan_flow_feas,pb_biz_credit.ng_customer_pay_plan_flow_feas,$.dpd_due365d_dpd1_bad_due_rt,应还近365天_逾期1天_占比(占到期),还款履约,还款计划与账单流水特征
407,overdue,last3_od_days_7,last3_od_days_7,t8,pb_biz_credit.keep_ng_jch_cid_overdue_feature_final,pb_biz_credit.keep_ng_jch_cid_overdue_feature_final,$.last3_od_days_7,产品7: 最近第3笔贷款最大逾期天数,逾期催收,逾期表现特征
408,overdue,cash_last3_bill_max_overdue_days,cash_last3_bill_max_overdue_days,t1,pb_ads_credit.direct_send_in_out_para_data_df,pb_ads_credit.direct_send_in_out_para_data_df,$.cash_last3_bill_max_overdue_days,agent除最近四笔最大逾期天数,逾期催收,逾期表现特征
409,overdue,payer_recent_360_txn_share_60d_v2,payer_recent_360_txn_share_60d_v2,t4,pb_ads_credit.ads_ng_risk_pp_cid_character_360d,pb_ads_credit.ads_ng_risk_pp_cid_character_360d,$.payer_recent_360_txn_share_60d_v2,付款方: 近60天笔数 / 近360天笔数,交易行为,支付交易行为特征
410,overdue,payee_start_of_month_amount_ratio_180d,payee_start_of_month_amount_ratio_180d,t1,pb_ads_credit.direct_send_in_out_para_data_df,pb_ads_credit.direct_send_in_out_para_data_df,$.payee_start_of_month_amount_ratio_180d,收款方: 近180天 月初收款金额 / 总金额,交易行为,支付交易行为特征
411,overdue,dpd_due365d_dpd4_bad_eli_rt,dpd_due365d_dpd4_bad_eli_rt,t5,pb_biz_credit.ng_customer_pay_plan_flow_feas,pb_biz_credit.ng_customer_pay_plan_flow_feas,,应还近365天_逾期4天_占比(占达表现期),还款履约,还款计划与账单流水特征
412,overdue,avg_diff_days_90d_t7,avg_diff_days_90d_t7,t2,pb_biz_credit.keep_jch_ng_cid_repay_feature_final,pb_biz_credit.keep_jch_ng_cid_repay_feature_final,$.avg_diff_days_90d_t7,7类账户：近90天平均应还日-实际还款日(天),还款履约,实际还款行为特征
413,overdue,payer_low_mcht_cnt_360d_v2,payer_low_mcht_cnt_360d_v2,t4,pb_ads_credit.ads_ng_risk_pp_cid_character_360d,pb_ads_credit.ads_ng_risk_pp_cid_character_360d,,付款方: 近360天低质商户笔数(merchant_level=0/空),交易行为,支付交易行为特征
414,overdue,payee_recent_180_txn_share_60d_v2,payee_recent_180_txn_share_60d_v2,t4,pb_ads_credit.ads_ng_risk_pp_cid_character_360d,pb_ads_credit.ads_ng_risk_pp_cid_character_360d,,收款方: 近60天笔数 / 近180天笔数,交易行为,支付交易行为特征
415,overdue,payee_recent_360_txn_share_60d_v2,payee_recent_360_txn_share_60d_v2,t4,pb_ads_credit.ads_ng_risk_pp_cid_character_360d,pb_ads_credit.ads_ng_risk_pp_cid_character_360d,$.payee_recent_360_txn_share_60d_v2,收款方: 近60天笔数 / 近360天笔数,交易行为,支付交易行为特征
416,overdue,diff_balance_all_1day,diff_balance_all_1day,t11,pb_biz_credit.ng_pp_user_financial_feature_profile_di,pb_biz_credit.ng_pp_user_financial_feature_profile_di,$.diff_balance_all_1day,总余额环比净增额,授信申请,收入与财务画像特征
417,overdue,cb_auto_dep_rat_amt_7d_life,cb_auto_dep_rat_amt_7d_life,t11,pb_biz_credit.ng_pp_user_financial_feature_profile_di,pb_biz_credit.ng_pp_user_financial_feature_profile_di,$.cb_auto_dep_rat_amt_7d_life,CashBox近7天自动转入金额占历史比例,授信申请,收入与财务画像特征
418,overdue,cb_dep_fail_life_cnt,cb_dep_fail_life_cnt,t11,pb_biz_credit.ng_pp_user_financial_feature_profile_di,pb_biz_credit.ng_pp_user_financial_feature_profile_di,$.cb_dep_fail_life_cnt,CashBox历史主动存款失败总次数,授信申请,收入与财务画像特征
419,overdue,fail_txn_cnt_60d_v2,fail_txn_cnt_60d_v2,t4,pb_ads_credit.ads_ng_risk_pp_cid_character_360d,pb_ads_credit.ads_ng_risk_pp_cid_character_360d,$.fail_txn_cnt_60d_v2,近60天失败交易笔数(pay_status!=1),交易行为,支付交易行为特征
420,overdue,payee_weekend_txn_count_ratio_90d_v2,payee_weekend_txn_count_ratio_90d_v2,t4,pb_ads_credit.ads_ng_risk_pp_cid_character_360d,pb_ads_credit.ads_ng_risk_pp_cid_character_360d,,收款方: 近90天 周末收款笔数 / 总笔数,交易行为,支付交易行为特征
421,overdue,fail_txn_ratio_30d_v2,fail_txn_ratio_30d_v2,t4,pb_ads_credit.ads_ng_risk_pp_cid_character_360d,pb_ads_credit.ads_ng_risk_pp_cid_character_360d,$.fail_txn_ratio_30d_v2,近30天失败率(失败/总尝试),交易行为,支付交易行为特征
422,overdue,jy_last_bankcard_days,jy_last_bankcard_days,t1,pb_ads_credit.direct_send_in_out_para_data_df,pb_ads_credit.direct_send_in_out_para_data_df,$.jy_last_bankcard_days,JY最近bankcard天数,外部数据,多头查询与多证件关联特征
423,overdue,max_cur_overdue_day_for_loan,max_cur_overdue_day_for_loan,t1,pb_ads_credit.direct_send_in_out_para_data_df,pb_ads_credit.direct_send_in_out_para_data_df,$.max_cur_overdue_day_for_loan,,,
424,overdue,ng_indepcash_curday_succ_order_user,ng_indepcash_curday_succ_order_user,t1,pb_ads_credit.direct_send_in_out_para_data_df,pb_ads_credit.direct_send_in_out_para_data_df,$.ng_indepcash_curday_succ_order_user,现金贷.cashapp.当天交易成功数,交易行为,支付交易行为特征
425,overdue,payer_recent_180_txn_share_60d_v2,payer_recent_180_txn_share_60d_v2,t4,pb_ads_credit.ads_ng_risk_pp_cid_character_360d,pb_ads_credit.ads_ng_risk_pp_cid_character_360d,,付款方: 近60天笔数 / 近180天笔数,交易行为,支付交易行为特征
426,overdue,payee_start_of_month_amount_ratio_360d_v2,payee_start_of_month_amount_ratio_360d_v2,t4,pb_ads_credit.ads_ng_risk_pp_cid_character_360d,pb_ads_credit.ads_ng_risk_pp_cid_character_360d,,收款方: 近360天 月初收款金额 / 总金额,交易行为,支付交易行为特征
427,overdue,payer_fail_rate_90d_v2,payer_fail_rate_90d_v2,t4,pb_ads_credit.ads_ng_risk_pp_cid_character_360d,pb_ads_credit.ads_ng_risk_pp_cid_character_360d,$.payer_fail_rate_90d_v2,付款方: 近90天交易失败率((2+7)/(1+2+7)),交易行为,支付交易行为特征
428,overdue,days_reg_to_first_apply_type9,days_reg_to_first_apply_type9,t7,pb_biz_credit.keep_jch_ng_cid_apply_feature_final,pb_biz_credit.keep_jch_ng_cid_apply_feature_final,$.days_reg_to_first_apply_type9,注册距离产品类型9首次申请天数,授信申请,申请行为特征
429,overdue,p50_total_finsave_amt_d30,p50_total_finsave_amt_d30,t1,pb_ads_credit.direct_send_in_out_para_data_df,pb_ads_credit.direct_send_in_out_para_data_df,$.p50_total_finsave_amt_d30,近30天理财余额中位数,账户状态,额度使用与账户余额特征
430,overdue,ins_days_from_last_ser_incresed,ins_days_from_last_ser_incresed,t1,pb_ads_credit.direct_send_in_out_para_data_df,pb_ads_credit.direct_send_in_out_para_data_df,$.ins_days_from_last_ser_incresed,installment上次结清ser提额距离今天数,还款履约,实际还款行为特征
431,overdue,okcard_jy_cnt,okcard_jy_cnt,t1,pb_ads_credit.direct_send_in_out_para_data_df,pb_ads_credit.direct_send_in_out_para_data_df,$.okcard_jy_cnt,okc交易次数,交易行为,支付交易行为特征
432,overdue,avg_last_rnk3_use_rate,avg_last_rnk3_use_rate,t1,pb_ads_credit.direct_send_in_out_para_data_df,pb_ads_credit.direct_send_in_out_para_data_df,$.avg_last_rnk3_use_rate,近3笔平均额度使用率,账户状态,额度使用与账户余额特征
433,overdue,total_coupon_cnt_rate,total_coupon_cnt_rate,t1,pb_ads_credit.direct_send_in_out_para_data_df,pb_ads_credit.direct_send_in_out_para_data_df,$.total_coupon_cnt_rate,使用券次数占总交易次数率,交易行为,支付交易行为特征
434,overdue,payee_low_mcht_amt_share_15d_v2,payee_low_mcht_amt_share_15d_v2,t4,pb_ads_credit.ads_ng_risk_pp_cid_character_360d,pb_ads_credit.ads_ng_risk_pp_cid_character_360d,$.payee_low_mcht_amt_share_15d_v2,收款方: 近15天低质商户金额占比,交易行为,支付交易行为特征
435,overdue,last2_od_days_7,last2_od_days_7,t8,pb_biz_credit.keep_ng_jch_cid_overdue_feature_final,pb_biz_credit.keep_ng_jch_cid_overdue_feature_final,,产品7: 最近第2笔贷款最大逾期天数,逾期催收,逾期表现特征
436,overdue,press_over_quota_prev90d_all,press_over_quota_prev90d_all,t3,pb_biz_credit.keep_jch_ng_cid_bal_feature_final,pb_biz_credit.keep_jch_ng_cid_bal_feature_final,$.press_over_quota_prev90d_all,"上90天窗口(90,180]：all压力/额度",账户状态,额度使用与账户余额特征
437,overdue,ng_cash_cycle_ratio_off,ng_cash_cycle_ratio_off,t1,pb_ads_credit.direct_send_in_out_para_data_df,pb_ads_credit.direct_send_in_out_para_data_df,$.ng_cash_cycle_ratio_off,循环度（实际借款月份数/首笔借款月份到当前月份）,账户状态,借款期限特征
438,overdue,payee_unknown_bank_cnt_15d_v2,payee_unknown_bank_cnt_15d_v2,t4,pb_ads_credit.ads_ng_risk_pp_cid_character_360d,pb_ads_credit.ads_ng_risk_pp_cid_character_360d,,收款方: 近15天未知银行笔数,交易行为,支付交易行为特征
439,overdue,avg_balance_amt_d90,avg_balance_amt_d90,t1,pb_ads_credit.direct_send_in_out_para_data_df,pb_ads_credit.direct_send_in_out_para_data_df,$.avg_balance_amt_d90,近90天pp余额,账户状态,额度使用与账户余额特征
440,overdue,payer_recent_180_payee_share_15d_v2,payer_recent_180_payee_share_15d_v2,t4,pb_ads_credit.ads_ng_risk_pp_cid_character_360d,pb_ads_credit.ads_ng_risk_pp_cid_character_360d,,付款方: 近15天人数 / 近180天人数,交易行为,支付交易行为特征
441,overdue,cb_auto_dep_90d_cnt,cb_auto_dep_90d_cnt,t11,pb_biz_credit.ng_pp_user_financial_feature_profile_di,pb_biz_credit.ng_pp_user_financial_feature_profile_di,,CashBox自动转入近90天成功次数,授信申请,收入与财务画像特征
442,overdue,payer_recent_360_amount_share_180d_v2,payer_recent_360_amount_share_180d_v2,t4,pb_ads_credit.ads_ng_risk_pp_cid_character_360d,pb_ads_credit.ads_ng_risk_pp_cid_character_360d,,付款方: 近180天金额 / 近360天金额,交易行为,支付交易行为特征
443,overdue,payee_eom_amount_ratio_90d_v2,payee_eom_amount_ratio_90d_v2,t4,pb_ads_credit.ads_ng_risk_pp_cid_character_360d,pb_ads_credit.ads_ng_risk_pp_cid_character_360d,,收款方: 近90天月底收款金额 / 总收款金额,交易行为,支付交易行为特征
444,overdue,sum_total_earnings,sum_total_earnings,t11,pb_biz_credit.ng_pp_user_financial_feature_profile_di,pb_biz_credit.ng_pp_user_financial_feature_profile_di,$.sum_total_earnings,定期和目标存账户累计总收益,授信申请,收入与财务画像特征
445,overdue,payee_recent_360_amount_share_180d_v2,payee_recent_360_amount_share_180d_v2,t4,pb_ads_credit.ads_ng_risk_pp_cid_character_360d,pb_ads_credit.ads_ng_risk_pp_cid_character_360d,$.payee_recent_360_amount_share_180d_v2,收款方: 近180天金额 / 近360天金额,交易行为,支付交易行为特征
446,overdue,pp_trans_cnt_3d,pp_trans_cnt_3d,t1,pb_ads_credit.direct_send_in_out_para_data_df,pb_ads_credit.direct_send_in_out_para_data_df,$.pp_trans_cnt_3d,PP近3天交易次数,交易行为,支付交易行为特征
447,overdue,payee_recent_180_payer_share_180d_v2,payee_recent_180_payer_share_180d_v2,t4,pb_ads_credit.ads_ng_risk_pp_cid_character_360d,pb_ads_credit.ads_ng_risk_pp_cid_character_360d,,收款方: 近180天人数 / 近180天人数,交易行为,支付交易行为特征
448,overdue,payer_transfer_top1_amt_share_90d_v2,payer_transfer_top1_amt_share_90d_v2,t4,pb_ads_credit.ads_ng_risk_pp_cid_character_360d,pb_ads_credit.ads_ng_risk_pp_cid_character_360d,,对手方集中度: 付款侧转账Top1金额占比(30d),交易行为,支付交易行为特征
449,overdue,payer_recent_360_payee_share_30d_v2,payer_recent_360_payee_share_30d_v2,t4,pb_ads_credit.ads_ng_risk_pp_cid_character_360d,pb_ads_credit.ads_ng_risk_pp_cid_character_360d,$.payer_recent_360_payee_share_30d_v2,付款方: 近30天人数 / 近360天人数,交易行为,支付交易行为特征
450,overdue,avg_diff_days_180d_t7,avg_diff_days_180d_t7,t2,pb_biz_credit.keep_jch_ng_cid_repay_feature_final,pb_biz_credit.keep_jch_ng_cid_repay_feature_final,$.avg_diff_days_180d_t7,7类账户：近180天平均应还日-实际还款日(天),还款履约,实际还款行为特征
451,overdue,transfer_fail_ratio_30d_v2,transfer_fail_ratio_30d_v2,t4,pb_ads_credit.ads_ng_risk_pp_cid_character_360d,pb_ads_credit.ads_ng_risk_pp_cid_character_360d,$.transfer_fail_ratio_30d_v2,近30天转账(03)失败率,交易行为,支付交易行为特征
452,overdue,cash_bill_cnt,cash_bill_cnt,t1,pb_ads_credit.direct_send_in_out_para_data_df,pb_ads_credit.direct_send_in_out_para_data_df,$.cash_bill_cnt,cash出账期数,账户状态,借款期限特征
453,overdue,cb_auto_dep_rat_amt_30d_life,cb_auto_dep_rat_amt_30d_life,t11,pb_biz_credit.ng_pp_user_financial_feature_profile_di,pb_biz_credit.ng_pp_user_financial_feature_profile_di,$.cb_auto_dep_rat_amt_30d_life,CashBox近30天自动转入金额占历史比例,授信申请,收入与财务画像特征
454,overdue,longitude_latitude_apply_cnt_1d,longitude_latitude_apply_cnt_1d,t1,pb_ads_credit.direct_send_in_out_para_data_df,pb_ads_credit.direct_send_in_out_para_data_df,$.longitude_latitude_apply_cnt_1d,近7天经纬度申请总数,授信申请,地理位置与居住工作地特征
455,overdue,payer_recent_360_txn_share_180d_v2,payer_recent_360_txn_share_180d_v2,t4,pb_ads_credit.ads_ng_risk_pp_cid_character_360d,pb_ads_credit.ads_ng_risk_pp_cid_character_360d,$.payer_recent_360_txn_share_180d_v2,付款方: 近180天笔数 / 近360天笔数,交易行为,支付交易行为特征
456,overdue,cb_withdraw_last_days,cb_withdraw_last_days,t11,pb_biz_credit.ng_pp_user_financial_feature_profile_di,pb_biz_credit.ng_pp_user_financial_feature_profile_di,$.cb_withdraw_last_days,CashBox最近一次提现距今天数,授信申请,收入与财务画像特征
457,overdue,payer_end_of_month_txn_count_ratio_30d_v2,payer_end_of_month_txn_count_ratio_30d_v2,t4,pb_ads_credit.ads_ng_risk_pp_cid_character_360d,pb_ads_credit.ads_ng_risk_pp_cid_character_360d,,付款方: 近30天 月底付款笔数 / 总笔数,交易行为,支付交易行为特征
458,overdue,cb_auto_dep_life_cnt,cb_auto_dep_life_cnt,t11,pb_biz_credit.ng_pp_user_financial_feature_profile_di,pb_biz_credit.ng_pp_user_financial_feature_profile_di,$.cb_auto_dep_life_cnt,CashBox自动转入历史成功次数,授信申请,收入与财务画像特征
459,overdue,cb_auto_dep_rat_cnt_90d_life,cb_auto_dep_rat_cnt_90d_life,t11,pb_biz_credit.ng_pp_user_financial_feature_profile_di,pb_biz_credit.ng_pp_user_financial_feature_profile_di,,CashBox近90天自动转入次数占历史比例,授信申请,收入与财务画像特征
460,overdue,cb_auto_dep_rat_amt_180d_life,cb_auto_dep_rat_amt_180d_life,t11,pb_biz_credit.ng_pp_user_financial_feature_profile_di,pb_biz_credit.ng_pp_user_financial_feature_profile_di,,CashBox近180天自动转入金额占历史比例,授信申请,收入与财务画像特征
461,overdue,payer_eom_amount_ratio_60d_v2,payer_eom_amount_ratio_60d_v2,t4,pb_ads_credit.ads_ng_risk_pp_cid_character_360d,pb_ads_credit.ads_ng_risk_pp_cid_character_360d,,付款方: 近60天月底付款金额 / 总付款金额,交易行为,支付交易行为特征
462,overdue,payer_end_of_month_txn_count_ratio_90d_v2,payer_end_of_month_txn_count_ratio_90d_v2,t4,pb_ads_credit.ads_ng_risk_pp_cid_character_360d,pb_ads_credit.ads_ng_risk_pp_cid_character_360d,,付款方: 近90天 月底付款笔数 / 总笔数,交易行为,支付交易行为特征
463,overdue,payer_transfer_top1_amt_share_30d_v2,payer_transfer_top1_amt_share_30d_v2,t4,pb_ads_credit.ads_ng_risk_pp_cid_character_360d,pb_ads_credit.ads_ng_risk_pp_cid_character_360d,$.payer_transfer_top1_amt_share_30d_v2,对手方集中度: 付款侧转账Top1金额占比(30d),交易行为,支付交易行为特征
464,overdue,ng_appname_drive_dd,ng_appname_drive_dd,t1,pb_ads_credit.direct_send_in_out_para_data_df,pb_ads_credit.direct_send_in_out_para_data_df,$.ng_appname_drive_dd,Drive APP安装时长,授信申请,移动设备与APP画像特征
465,overdue,max_paid_interest_30d_ratio_prev_t79,max_paid_interest_30d_ratio_prev_t79,t2,pb_biz_credit.keep_jch_ng_cid_repay_feature_final,pb_biz_credit.keep_jch_ng_cid_repay_feature_final,$.max_paid_interest_30d_ratio_prev_t79,最大实付期还利息近30d环比_t79,还款履约,实际还款行为特征
466,overdue,payer_amount_cv_15d_v2,payer_amount_cv_15d_v2,t4,pb_ads_credit.ads_ng_risk_pp_cid_character_360d,pb_ads_credit.ads_ng_risk_pp_cid_character_360d,,"付款方: 过去15天 [T-16, T-2] 付款金额变异系数 (std/mean)",交易行为,支付交易行为特征
467,overdue,payee_fail_rate_30d_v2,payee_fail_rate_30d_v2,t4,pb_ads_credit.ads_ng_risk_pp_cid_character_360d,pb_ads_credit.ads_ng_risk_pp_cid_character_360d,$.payee_fail_rate_30d_v2,收款方: 近30天交易失败率((2+7)/(1+2+7)),交易行为,支付交易行为特征
468,overdue,payer_night_txn_ratio_shift_30d_vs_180d_v2,payer_night_txn_ratio_shift_30d_vs_180d_v2,t4,pb_ads_credit.ads_ng_risk_pp_cid_character_360d,pb_ads_credit.ads_ng_risk_pp_cid_character_360d,,付款方: (近30天夜间笔数占比) - (近180天夜间笔数占比) 漂移,交易行为,支付交易行为特征
469,overdue,transfer_fail_ratio_15d_v2,transfer_fail_ratio_15d_v2,t4,pb_ads_credit.ads_ng_risk_pp_cid_character_360d,pb_ads_credit.ads_ng_risk_pp_cid_character_360d,$.transfer_fail_ratio_15d_v2,近15天转账(03)失败率,交易行为,支付交易行为特征
470,overdue,build_board,build_board,t1,pb_ads_credit.direct_send_in_out_para_data_df,pb_ads_credit.direct_send_in_out_para_data_df,$.build_board,构建board,通用技术,模型分与策略评分字段
471,overdue,payee_start_of_month_amount_ratio_180d_v2,payee_start_of_month_amount_ratio_180d_v2,t4,pb_ads_credit.ads_ng_risk_pp_cid_character_360d,pb_ads_credit.ads_ng_risk_pp_cid_character_360d,$.payee_start_of_month_amount_ratio_180d_v2,收款方: 近180天 月初收款金额 / 总金额,交易行为,支付交易行为特征
472,overdue,payee_recent_360_payer_share_60d_v2,payee_recent_360_payer_share_60d_v2,t4,pb_ads_credit.ads_ng_risk_pp_cid_character_360d,pb_ads_credit.ads_ng_risk_pp_cid_character_360d,,收款方: 近60天人数 / 近360天人数,交易行为,支付交易行为特征
473,overdue,growth_rate_cashbox_15days,growth_rate_cashbox_15days,t11,pb_biz_credit.ng_pp_user_financial_feature_profile_di,pb_biz_credit.ng_pp_user_financial_feature_profile_di,,cashbox账户余额增长率15d,授信申请,收入与财务画像特征
474,overdue,payer_eom_amount_ratio_360d_v2,payer_eom_amount_ratio_360d_v2,t4,pb_ads_credit.ads_ng_risk_pp_cid_character_360d,pb_ads_credit.ads_ng_risk_pp_cid_character_360d,,付款方: 近360天月底付款金额 / 总付款金额,交易行为,支付交易行为特征
475,overdue,payer_counterparty_hhi_7d_v2,payer_counterparty_hhi_7d_v2,t4,pb_ads_credit.ads_ng_risk_pp_cid_character_360d,pb_ads_credit.ads_ng_risk_pp_cid_character_360d,,对手方集中度: 付款侧转账(03) 7天 HHI,交易行为,支付交易行为特征
476,overdue,payer_low_mcht_cnt_90d_v2,payer_low_mcht_cnt_90d_v2,t4,pb_ads_credit.ads_ng_risk_pp_cid_character_360d,pb_ads_credit.ads_ng_risk_pp_cid_character_360d,,付款方: 近90天低质商户笔数(merchant_level=0/空),交易行为,支付交易行为特征
477,overdue,deduct_ratio_due_90d_t79,deduct_ratio_due_90d_t79,t2,pb_biz_credit.keep_jch_ng_cid_repay_feature_final,pb_biz_credit.keep_jch_ng_cid_repay_feature_final,$.deduct_ratio_due_90d_t79,79类账户：近90天每期平均代扣还款笔数(代扣笔数/应还期数),还款履约,实际还款行为特征
478,overdue,coupon_cnt,coupon_cnt,t1,pb_ads_credit.direct_send_in_out_para_data_df,pb_ads_credit.direct_send_in_out_para_data_df,$.coupon_cnt,,,
479,overdue,ss_withdraw_life_cnt,ss_withdraw_life_cnt,t11,pb_biz_credit.ng_pp_user_financial_feature_profile_di,pb_biz_credit.ng_pp_user_financial_feature_profile_di,,Spend Save历史提现总次数,授信申请,收入与财务画像特征
480,overdue,user_first_quota,user_first_quota,t1,pb_ads_credit.direct_send_in_out_para_data_df,pb_ads_credit.direct_send_in_out_para_data_df,$.user_first_quota,第一笔账单额度使用率,账户状态,授信额度特征
481,overdue,cash_avg_loantime_term_rnk10,cash_avg_loantime_term_rnk10,t1,pb_ads_credit.direct_send_in_out_para_data_df,pb_ads_credit.direct_send_in_out_para_data_df,$.cash_avg_loantime_term_rnk10,,,
482,overdue,payer_weekend_amount_sum_ratio_180d_v2,payer_weekend_amount_sum_ratio_180d_v2,t4,pb_ads_credit.ads_ng_risk_pp_cid_character_360d,pb_ads_credit.ads_ng_risk_pp_cid_character_360d,$.payer_weekend_amount_sum_ratio_180d_v2,付款方: 近180天 周末付款金额 / 总金额,交易行为,支付交易行为特征
483,overdue,avg_balance_amt_d60,avg_balance_amt_d60,t1,pb_ads_credit.direct_send_in_out_para_data_df,pb_ads_credit.direct_send_in_out_para_data_df,$.avg_balance_amt_d60,近60天pp余额,账户状态,额度使用与账户余额特征
484,overdue,cb_auto_dep_fail_life_ratio,cb_auto_dep_fail_life_ratio,t11,pb_biz_credit.ng_pp_user_financial_feature_profile_di,pb_biz_credit.ng_pp_user_financial_feature_profile_di,,CashBox自动转入历史失败率,授信申请,收入与财务画像特征
485,overdue,disk_free_total_space,disk_free_total_space,t1,pb_ads_credit.direct_send_in_out_para_data_df,pb_ads_credit.direct_send_in_out_para_data_df,$.disk_free_total_space,diskfree总space,授信申请,移动设备与APP画像特征
486,overdue,ratio_balance_fixedsaving_all,ratio_balance_fixedsaving_all,t11,pb_biz_credit.ng_pp_user_financial_feature_profile_di,pb_biz_credit.ng_pp_user_financial_feature_profile_di,,定期资产占理财总资产比重,授信申请,收入与财务画像特征
487,overdue,smartearn_days_since_first_deposit,smartearn_days_since_first_deposit,t11,pb_biz_credit.ng_pp_user_financial_feature_profile_di,pb_biz_credit.ng_pp_user_financial_feature_profile_di,,首购距今偏移天数,授信申请,收入与财务画像特征
488,overdue,payee_recent_360_amount_share_15d_v2,payee_recent_360_amount_share_15d_v2,t4,pb_ads_credit.ads_ng_risk_pp_cid_character_360d,pb_ads_credit.ads_ng_risk_pp_cid_character_360d,,收款方: 近15天金额 / 近360天金额,交易行为,支付交易行为特征
489,overdue,payer_eom_amount_ratio_30d_v2,payer_eom_amount_ratio_30d_v2,t4,pb_ads_credit.ads_ng_risk_pp_cid_character_360d,pb_ads_credit.ads_ng_risk_pp_cid_character_360d,,付款方: 近30天月底付款金额 / 总付款金额,交易行为,支付交易行为特征
490,overdue,payer_avg_txn_per_payee_shift_7d_vs_180d,payer_avg_txn_per_payee_shift_7d_vs_180d,t1,pb_ads_credit.direct_send_in_out_para_data_df,pb_ads_credit.direct_send_in_out_para_data_df,$.payer_avg_txn_per_payee_shift_7d_vs_180d,付款方: (近7天人均笔数) - (近180天人均笔数) 漂移,交易行为,支付交易行为特征
491,overdue,active_ratio_due_180d_t7,active_ratio_due_180d_t7,t2,pb_biz_credit.keep_jch_ng_cid_repay_feature_final,pb_biz_credit.keep_jch_ng_cid_repay_feature_final,$.active_ratio_due_180d_t7,7类账户：近180天每期平均主动还款笔数(主动笔数/应还期数),还款履约,实际还款行为特征
492,overdue,cash_his_active_repay_cnt,cash_his_active_repay_cnt,t1,pb_ads_credit.direct_send_in_out_para_data_df,pb_ads_credit.direct_send_in_out_para_data_df,$.cash_his_active_repay_cnt,,,
493,overdue,cb_auto_dep_60d_cnt,cb_auto_dep_60d_cnt,t11,pb_biz_credit.ng_pp_user_financial_feature_profile_di,pb_biz_credit.ng_pp_user_financial_feature_profile_di,,CashBox自动转入近60天成功次数,授信申请,收入与财务画像特征
494,overdue,databundle_airtime_amt_1m_2m,databundle_airtime_amt_1m_2m,t1,pb_ads_credit.direct_send_in_out_para_data_df,pb_ads_credit.direct_send_in_out_para_data_df,$.databundle_airtime_amt_1m_2m,近两个月到近一个月流量和花费缴费金额,交易行为,支付交易行为特征
495,overdue,ratio_press_cur90_prev90_t7,ratio_press_cur90_prev90_t7,t3,pb_biz_credit.keep_jch_ng_cid_bal_feature_final,pb_biz_credit.keep_jch_ng_cid_bal_feature_final,$.ratio_press_cur90_prev90_t7,"压力比值：近90天 / 上90天窗口(90,180]（t7）",账户状态,额度使用与账户余额特征
496,overdue,cb_auto_dep_rat_cnt_180d_life,cb_auto_dep_rat_cnt_180d_life,t11,pb_biz_credit.ng_pp_user_financial_feature_profile_di,pb_biz_credit.ng_pp_user_financial_feature_profile_di,$.cb_auto_dep_rat_cnt_180d_life,CashBox近180天自动转入次数占历史比例,授信申请,收入与财务画像特征
497,overdue,payee_amount_cv_7d_v2,payee_amount_cv_7d_v2,t4,pb_ads_credit.ads_ng_risk_pp_cid_character_360d,pb_ads_credit.ads_ng_risk_pp_cid_character_360d,,"收款方: 过去7天 [T-8, T-2] 收款金额变异系数 (std/mean)",交易行为,支付交易行为特征
498,overdue,growth_rate_cashbox_30days,growth_rate_cashbox_30days,t11,pb_biz_credit.ng_pp_user_financial_feature_profile_di,pb_biz_credit.ng_pp_user_financial_feature_profile_di,$.growth_rate_cashbox_30days,cashbox账户余额增长率30d,授信申请,收入与财务画像特征
499,overdue,payee_night_txn_ratio_shift_30d_vs_180d_v2,payee_night_txn_ratio_shift_30d_vs_180d_v2,t4,pb_ads_credit.ads_ng_risk_pp_cid_character_360d,pb_ads_credit.ads_ng_risk_pp_cid_character_360d,,收款方: (近30天夜间笔数占比) - (近180天夜间笔数占比) 漂移,交易行为,支付交易行为特征
500,overdue,ng_same_longitude_order_user_l3d_off,ng_same_longitude_order_user_l3d_off,t1,pb_ads_credit.direct_send_in_out_para_data_df,pb_ads_credit.direct_send_in_out_para_data_df,$.ng_same_longitude_order_user_l3d_off,,,
501,overdue,max_paid_interest_60d_ratio_prev_t79,max_paid_interest_60d_ratio_prev_t79,t2,pb_biz_credit.keep_jch_ng_cid_repay_feature_final,pb_biz_credit.keep_jch_ng_cid_repay_feature_final,$.max_paid_interest_60d_ratio_prev_t79,最大实付期还利息近60d环比_t79,还款履约,实际还款行为特征
502,overdue,payer_avg_txn_per_payee_shift_7d_vs_180d_v2,payer_avg_txn_per_payee_shift_7d_vs_180d_v2,t4,pb_ads_credit.ads_ng_risk_pp_cid_character_360d,pb_ads_credit.ads_ng_risk_pp_cid_character_360d,$.payer_avg_txn_per_payee_shift_7d_vs_180d_v2,付款方: (近7天人均笔数) - (近180天人均笔数) 漂移,交易行为,支付交易行为特征
503,overdue,payer_txn_count_weekend_360d_v2,payer_txn_count_weekend_360d_v2,t1,pb_ads_credit.direct_send_in_out_para_data_df,pb_ads_credit.direct_send_in_out_para_data_df,$.payer_txn_count_weekend_360d_v2,"付款方: 过去360天 [T-361, T-2] 周末付款笔数",交易行为,支付交易行为特征
504,overdue,ratio_global_coverage_60d,ratio_global_coverage_60d,t11,pb_biz_credit.ng_pp_user_financial_feature_profile_di,pb_biz_credit.ng_pp_user_financial_feature_profile_di,,近60天CashBox&spendsave总入金对总出金的比值,授信申请,收入与财务画像特征
505,overdue,ng_same_latitude_apply_user_l3d_off,ng_same_latitude_apply_user_l3d_off,t1,pb_ads_credit.direct_send_in_out_para_data_df,pb_ads_credit.direct_send_in_out_para_data_df,$.ng_same_latitude_apply_user_l3d_off,,,
506,overdue,payee_eom_amount_ratio_360d_v2,payee_eom_amount_ratio_360d_v2,t4,pb_ads_credit.ads_ng_risk_pp_cid_character_360d,pb_ads_credit.ads_ng_risk_pp_cid_character_360d,,收款方: 近360天月底收款金额 / 总收款金额,交易行为,支付交易行为特征
507,overdue,avg_repay_amt_3m_v2,avg_repay_amt_3m_v2,t4,pb_ads_credit.ads_ng_risk_pp_cid_character_360d,pb_ads_credit.ads_ng_risk_pp_cid_character_360d,$.avg_repay_amt_3m_v2,近3个自然月月均还款金额,交易行为,支付交易行为特征
508,overdue,payee_avg_txn_per_payer_60d,payee_avg_txn_per_payer_60d,t1,pb_ads_credit.direct_send_in_out_para_data_df,pb_ads_credit.direct_send_in_out_para_data_df,$.payee_avg_txn_per_payer_60d,"收款方: 过去60天 [T-61, T-2] 平均每人收款笔数",交易行为,支付交易行为特征
509,overdue,payee_weekend_txn_count_ratio_360d_v2,payee_weekend_txn_count_ratio_360d_v2,t4,pb_ads_credit.ads_ng_risk_pp_cid_character_360d,pb_ads_credit.ads_ng_risk_pp_cid_character_360d,,收款方: 近360天 周末收款笔数 / 总笔数,交易行为,支付交易行为特征
510,overdue,cv_util_180d_t7,cv_util_180d_t7,t6,pb_biz_credit.keep_jch_ng_cid_util_feature_final,pb_biz_credit.keep_jch_ng_cid_util_feature_final,,近180天：t7 util变异系数,账户状态,额度使用与账户余额特征
511,overdue,ng_pdlcash_new_curday_succ_order,ng_pdlcash_new_curday_succ_order,t1,pb_ads_credit.direct_send_in_out_para_data_df,pb_ads_credit.direct_send_in_out_para_data_df,$.ng_pdlcash_new_curday_succ_order,现金贷.pdl.当天累计通过客户数,还款履约,还款计划与账单流水特征
512,overdue,payee_avg_txn_per_payer_shift_7d_vs_180d,payee_avg_txn_per_payer_shift_7d_vs_180d,t1,pb_ads_credit.direct_send_in_out_para_data_df,pb_ads_credit.direct_send_in_out_para_data_df,$.payee_avg_txn_per_payer_shift_7d_vs_180d,收款方: (近7天人均笔数) - (近180天人均笔数) 漂移,交易行为,支付交易行为特征
513,overdue,payee_weekend_amount_sum_ratio_90d_v2,payee_weekend_amount_sum_ratio_90d_v2,t4,pb_ads_credit.ads_ng_risk_pp_cid_character_360d,pb_ads_credit.ads_ng_risk_pp_cid_character_360d,,收款方: 近90天 周末收款金额 / 总金额,交易行为,支付交易行为特征
514,overdue,payee_recent_360_amount_share_60d_v2,payee_recent_360_amount_share_60d_v2,t4,pb_ads_credit.ads_ng_risk_pp_cid_character_360d,pb_ads_credit.ads_ng_risk_pp_cid_character_360d,$.payee_recent_360_amount_share_60d_v2,收款方: 近60天金额 / 近360天金额,交易行为,支付交易行为特征
515,overdue,payer_transfer_top1_amt_share_15d_v2,payer_transfer_top1_amt_share_15d_v2,t4,pb_ads_credit.ads_ng_risk_pp_cid_character_360d,pb_ads_credit.ads_ng_risk_pp_cid_character_360d,$.payer_transfer_top1_amt_share_15d_v2,对手方集中度: 付款侧转账Top1金额占比(30d),交易行为,支付交易行为特征
516,overdue,payer_avg_txn_per_payee_30d_v2,payer_avg_txn_per_payee_30d_v2,t4,pb_ads_credit.ads_ng_risk_pp_cid_character_360d,pb_ads_credit.ads_ng_risk_pp_cid_character_360d,,"付款方: 过去30天 [T-31, T-2] 平均每人付款笔数",交易行为,支付交易行为特征
517,overdue,payee_counterparty_hhi_180d_v2,payee_counterparty_hhi_180d_v2,t4,pb_ads_credit.ads_ng_risk_pp_cid_character_360d,pb_ads_credit.ads_ng_risk_pp_cid_character_360d,,对手方集中度: 收款侧转账(03) 180天 HHI,交易行为,支付交易行为特征
518,overdue,max_paid_interest_90d_ratio_prev_t7,max_paid_interest_90d_ratio_prev_t7,t2,pb_biz_credit.keep_jch_ng_cid_repay_feature_final,pb_biz_credit.keep_jch_ng_cid_repay_feature_final,$.max_paid_interest_90d_ratio_prev_t7,最大实付期还利息近90d环比_t7,还款履约,实际还款行为特征
519,overdue,payer_counterparty_hhi_15d_v2,payer_counterparty_hhi_15d_v2,t4,pb_ads_credit.ads_ng_risk_pp_cid_character_360d,pb_ads_credit.ads_ng_risk_pp_cid_character_360d,,对手方集中度: 付款侧转账(03) 15天 HHI,交易行为,支付交易行为特征
520,overdue,app_num,app_num,t1,pb_ads_credit.direct_send_in_out_para_data_df,pb_ads_credit.direct_send_in_out_para_data_df,$.app_num,app_num,授信申请,移动设备与APP画像特征
521,overdue,avg_diff_days_30d_t7,avg_diff_days_30d_t7,t2,pb_biz_credit.keep_jch_ng_cid_repay_feature_final,pb_biz_credit.keep_jch_ng_cid_repay_feature_final,$.avg_diff_days_30d_t7,7类账户：近30天平均应还日-实际还款日(天),还款履约,实际还款行为特征
522,overdue,jy_last_bvn_days,jy_last_bvn_days,t1,pb_ads_credit.direct_send_in_out_para_data_df,pb_ads_credit.direct_send_in_out_para_data_df,$.jy_last_bvn_days,JY最近BVN天数,外部数据,征信/CRC报告特征
523,overdue,payee_weekend_txn_count_ratio_180d_v2,payee_weekend_txn_count_ratio_180d_v2,t4,pb_ads_credit.ads_ng_risk_pp_cid_character_360d,pb_ads_credit.ads_ng_risk_pp_cid_character_360d,,收款方: 近180天 周末收款笔数 / 总笔数,交易行为,支付交易行为特征
524,overdue,growth_rate_cashbox_1day,growth_rate_cashbox_1day,t11,pb_biz_credit.ng_pp_user_financial_feature_profile_di,pb_biz_credit.ng_pp_user_financial_feature_profile_di,$.growth_rate_cashbox_1day,cashbox账户余额增长率1d,授信申请,收入与财务画像特征
525,overdue,payer_transfer_top1_amt_share_180d_v2,payer_transfer_top1_amt_share_180d_v2,t4,pb_ads_credit.ads_ng_risk_pp_cid_character_360d,pb_ads_credit.ads_ng_risk_pp_cid_character_360d,,对手方集中度: 付款侧转账Top1金额占比(30d),交易行为,支付交易行为特征
526,overdue,payer_recent_360_amount_share_7d_v2,payer_recent_360_amount_share_7d_v2,t4,pb_ads_credit.ads_ng_risk_pp_cid_character_360d,pb_ads_credit.ads_ng_risk_pp_cid_character_360d,,付款方: 近7天金额 / 近360天金额,交易行为,支付交易行为特征
527,overdue,ng_pdlcash_curday_succ_order,ng_pdlcash_curday_succ_order,t1,pb_ads_credit.direct_send_in_out_para_data_df,pb_ads_credit.direct_send_in_out_para_data_df,$.ng_pdlcash_curday_succ_order,尼日利亚pdlcash当天succ订单,还款履约,还款计划与账单流水特征
528,overdue,payer_night_txn_count_ratio_360d_v2,payer_night_txn_count_ratio_360d_v2,t4,pb_ads_credit.ads_ng_risk_pp_cid_character_360d,pb_ads_credit.ads_ng_risk_pp_cid_character_360d,,付款方: 近360天 夜间付款笔数 / 总笔数,交易行为,支付交易行为特征
529,overdue,payee_transfer_top1_amt_share_360d_v2,payee_transfer_top1_amt_share_360d_v2,t4,pb_ads_credit.ads_ng_risk_pp_cid_character_360d,pb_ads_credit.ads_ng_risk_pp_cid_character_360d,,对手方集中度: 收款侧转账Top1金额占比(30d),交易行为,支付交易行为特征
530,overdue,ng_applist_small_1000_b_cnt_days_update_mean_rt,ng_applist_small_1000_b_cnt_days_update_mean_rt,t1,pb_ads_credit.direct_send_in_out_para_data_df,pb_ads_credit.direct_send_in_out_para_data_df,$.ng_applist_small_1000_b_cnt_days_update_mean_rt,更新的低逾期app的安装人数的平均值,逾期催收,逾期表现特征
531,overdue,cal_first_credit_use_rate,cal_first_credit_use_rate,t1,pb_ads_credit.direct_send_in_out_para_data_df,pb_ads_credit.direct_send_in_out_para_data_df,$.cal_first_credit_use_rate,cash首笔额度使用率,账户状态,授信额度特征
532,overdue,ng_total_coupon_amt_rate_3d,ng_total_coupon_amt_rate_3d,t1,pb_ads_credit.direct_send_in_out_para_data_df,pb_ads_credit.direct_send_in_out_para_data_df,$.ng_total_coupon_amt_rate_3d,,,
533,overdue,payee_night_amount_sum_ratio_360d_v2,payee_night_amount_sum_ratio_360d_v2,t4,pb_ads_credit.ads_ng_risk_pp_cid_character_360d,pb_ads_credit.ads_ng_risk_pp_cid_character_360d,,收款方: 近360天 夜间收款金额 / 总金额,交易行为,支付交易行为特征
534,overdue,total_pay_0_rate,total_pay_0_rate,t1,pb_ads_credit.direct_send_in_out_para_data_df,pb_ads_credit.direct_send_in_out_para_data_df,$.total_pay_0_rate,实际付款为0次占总交易次数率,交易行为,支付交易行为特征
535,loancnt0,payer_amount_median_360d_v2,payer_amount_median_360d_v2,t4,pb_ads_credit.ads_ng_risk_pp_cid_character_360d,pb_ads_credit.ads_ng_risk_pp_cid_character_360d,$.payer_amount_median_360d_v2,"付款方: 过去360天 [T-361, T-2] 付款中位数",交易行为,支付交易行为特征
536,loancnt0,transfer_amt_1m,transfer_amt_1m,t1,pb_ads_credit.direct_send_in_out_para_data_df,pb_ads_credit.direct_send_in_out_para_data_df,$.transfer_amt_1m,近一个月转账金额,交易行为,支付交易行为特征
537,loancnt0,ng_applist_small_1000_b_cnt_90_days_update_sum_rt,ng_applist_small_1000_b_cnt_90_days_update_sum_rt,t1,pb_ads_credit.direct_send_in_out_para_data_df,pb_ads_credit.direct_send_in_out_para_data_df,$.ng_applist_small_1000_b_cnt_90_days_update_sum_rt,近90天更新的低逾期app的安装人数的总和,逾期催收,逾期表现特征
538,loancnt0,trans_amt_7d,trans_amt_7d,t1,pb_ads_credit.direct_send_in_out_para_data_df,pb_ads_credit.direct_send_in_out_para_data_df,$.trans_amt_7d,近7天交易金额,交易行为,支付交易行为特征
539,loancnt0,loyalty_amt,loyalty_amt,t1,pb_ads_credit.direct_send_in_out_para_data_df,pb_ads_credit.direct_send_in_out_para_data_df,$.loyalty_amt,历史积分抵扣金额,交易行为,支付交易行为特征
540,loancnt0,days_between_openaccount_and_excute,days_between_openaccount_and_excute,t1,pb_ads_credit.direct_send_in_out_para_data_df,pb_ads_credit.direct_send_in_out_para_data_df,$.days_between_openaccount_and_excute,,,
541,loancnt0,transfer_cnt_7d,transfer_cnt_7d,t1,pb_ads_credit.direct_send_in_out_para_data_df,pb_ads_credit.direct_send_in_out_para_data_df,$.transfer_cnt_7d,近7天转账次数,交易行为,支付交易行为特征
542,loancnt0,payer_fail_rate_360d_v2,payer_fail_rate_360d_v2,t4,pb_ads_credit.ads_ng_risk_pp_cid_character_360d,pb_ads_credit.ads_ng_risk_pp_cid_character_360d,$.payer_fail_rate_360d_v2,付款方: 近360天交易失败率((2+7)/(1+2+7)),交易行为,支付交易行为特征
543,loancnt0,databundle_cnt_3m,databundle_cnt_3m,t1,pb_ads_credit.direct_send_in_out_para_data_df,pb_ads_credit.direct_send_in_out_para_data_df,$.databundle_cnt_3m,近3个月购买手机流量次数,交易行为,支付交易行为特征
544,loancnt0,days_reg_to_first_apply_type79,days_reg_to_first_apply_type79,t7,pb_biz_credit.keep_jch_ng_cid_apply_feature_final,pb_biz_credit.keep_jch_ng_cid_apply_feature_final,$.days_reg_to_first_apply_type79,注册距离现金贷(7或9)首次申请天数,授信申请,申请行为特征
545,loancnt0,max_id_authen_days,max_id_authen_days,t1,pb_ads_credit.direct_send_in_out_para_data_df,pb_ads_credit.direct_send_in_out_para_data_df,$.max_id_authen_days,最近一次nin认证成功距今天数,授信申请,申请行为特征
546,loancnt0,payee_avg_txn_per_payer_60d_v2,payee_avg_txn_per_payer_60d_v2,t4,pb_ads_credit.ads_ng_risk_pp_cid_character_360d,pb_ads_credit.ads_ng_risk_pp_cid_character_360d,,"收款方: 过去60天 [T-61, T-2] 平均每人收款笔数",交易行为,支付交易行为特征
547,loancnt0,cb_dep_life_avg,cb_dep_life_avg,t11,pb_biz_credit.ng_pp_user_financial_feature_profile_di,pb_biz_credit.ng_pp_user_financial_feature_profile_di,$.cb_dep_life_avg,CashBox历史成功主动存款平均金额,授信申请,收入与财务画像特征
548,loancnt0,member_num,member_num,t1,pb_ads_credit.direct_send_in_out_para_data_df,pb_ads_credit.direct_send_in_out_para_data_df,$.member_num,用户当前imei被多少人使用,外部数据,多头查询与多证件关联特征
549,loancnt0,stragety_to_ins_test_group,stragety_to_ins_test_group,t1,pb_ads_credit.direct_send_in_out_para_data_df,pb_ads_credit.direct_send_in_out_para_data_df,$.stragety_to_ins_test_group,现金贷.客群.贷前贷中转ins测试客群,通用技术,模型分与策略评分字段
550,loancnt0,screen_brightness,screen_brightness,t1,pb_ads_credit.direct_send_in_out_para_data_df,pb_ads_credit.direct_send_in_out_para_data_df,$.screen_brightness,screenbrightness,授信申请,移动设备与APP画像特征
551,loancnt0,phone_electric_quantity,phone_electric_quantity,t1,pb_ads_credit.direct_send_in_out_para_data_df,pb_ads_credit.direct_send_in_out_para_data_df,$.phone_electric_quantity,手机electricquantity,逾期催收,联系人网络与关联风险特征
552,loancnt0,gender,gender,t1,pb_ads_credit.direct_send_in_out_para_data_df,pb_ads_credit.direct_send_in_out_para_data_df,$.gender,性别,外部数据,征信/CRC报告特征
553,loancnt0,app350_install_days,app350_install_days,t1,pb_ads_credit.direct_send_in_out_para_data_df,pb_ads_credit.direct_send_in_out_para_data_df,$.app350_install_days,com.beint.zangi安装时长,授信申请,移动设备与APP画像特征
554,loancnt0,min_total_finsave_amt_d90,min_total_finsave_amt_d90,t1,pb_ads_credit.direct_send_in_out_para_data_df,pb_ads_credit.direct_send_in_out_para_data_df,$.min_total_finsave_amt_d90,近90天最小理财金额,授信申请,收入与财务画像特征
555,loancnt0,build_host,build_host,t1,pb_ads_credit.direct_send_in_out_para_data_df,pb_ads_credit.direct_send_in_out_para_data_df,$.build_host,构建host,授信申请,移动设备与APP画像特征
556,loancnt0,min_verify_days,min_verify_days,t1,pb_ads_credit.direct_send_in_out_para_data_df,pb_ads_credit.direct_send_in_out_para_data_df,$.min_verify_days,最早手机验证距今天数,授信申请,申请行为特征
557,loancnt0,same_device_info_differ_regmobile_last15_cnt_plampay,same_device_info_differ_regmobile_last15_cnt_plampay,t1,pb_ads_credit.direct_send_in_out_para_data_df,pb_ads_credit.direct_send_in_out_para_data_df,$.same_device_info_differ_regmobile_last15_cnt_plampay,,,
558,loancnt0,same_device_info_apply_total_times,same_device_info_apply_total_times,t1,pb_ads_credit.direct_send_in_out_para_data_df,pb_ads_credit.direct_send_in_out_para_data_df,$.same_device_info_apply_total_times,相同指纹申请次数,外部数据,多头查询与多证件关联特征
559,loancnt0,ng_applist_small_1000_b_ratio10_days_update_min_rt,ng_applist_small_1000_b_ratio10_days_update_min_rt,t1,pb_ads_credit.direct_send_in_out_para_data_df,pb_ads_credit.direct_send_in_out_para_data_df,$.ng_applist_small_1000_b_ratio10_days_update_min_rt,更新的低逾期app的pd10的最小值,逾期催收,逾期表现特征
560,loancnt0,payer_avg_txn_per_payee_360d_v2,payer_avg_txn_per_payee_360d_v2,t4,pb_ads_credit.ads_ng_risk_pp_cid_character_360d,pb_ads_credit.ads_ng_risk_pp_cid_character_360d,$.payer_avg_txn_per_payee_360d_v2,"付款方: 过去360天 [T-361, T-2] 平均每人付款笔数",交易行为,支付交易行为特征
561,loancnt0,payer_success_rate_360d_v2,payer_success_rate_360d_v2,t4,pb_ads_credit.ads_ng_risk_pp_cid_character_360d,pb_ads_credit.ads_ng_risk_pp_cid_character_360d,$.payer_success_rate_360d_v2,付款方: 近360天交易成功率(1/(1+2+7)),交易行为,支付交易行为特征
562,loancnt0,same_device_info_apply_last30_times,same_device_info_apply_last30_times,t1,pb_ads_credit.direct_send_in_out_para_data_df,pb_ads_credit.direct_send_in_out_para_data_df,$.same_device_info_apply_last30_times,,,
563,loancnt0,payer_fail_rate_60d_v2,payer_fail_rate_60d_v2,t4,pb_ads_credit.ads_ng_risk_pp_cid_character_360d,pb_ads_credit.ads_ng_risk_pp_cid_character_360d,,付款方: 近60天交易失败率((2+7)/(1+2+7)),交易行为,支付交易行为特征
564,loancnt0,ng_nin_cnt_off,ng_nin_cnt_off,t1,pb_ads_credit.direct_send_in_out_para_data_df,pb_ads_credit.direct_send_in_out_para_data_df,$.ng_nin_cnt_off,相同nin对应不同注册客户数,外部数据,多头查询与多证件关联特征
565,loancnt0,pp_kyc_state_name,pp_kyc_state_name,t1,pb_ads_credit.direct_send_in_out_para_data_df,pb_ads_credit.direct_send_in_out_para_data_df,$.pp_kyc_state_name,pp key洲名称,授信申请,申请行为特征
566,loancnt0,ng_last_bill_max_overdue_days_off,ng_last_bill_max_overdue_days_off,t1,pb_ads_credit.direct_send_in_out_para_data_df,pb_ads_credit.direct_send_in_out_para_data_df,$.ng_last_bill_max_overdue_days_off,,,
567,loancnt0,payer_night_txn_count_ratio_180d_v2,payer_night_txn_count_ratio_180d_v2,t4,pb_ads_credit.ads_ng_risk_pp_cid_character_360d,pb_ads_credit.ads_ng_risk_pp_cid_character_360d,$.payer_night_txn_count_ratio_180d_v2,付款方: 近180天 夜间付款笔数 / 总笔数,交易行为,支付交易行为特征
568,loancnt0,payer_counterparty_hhi_360d_v2,payer_counterparty_hhi_360d_v2,t4,pb_ads_credit.ads_ng_risk_pp_cid_character_360d,pb_ads_credit.ads_ng_risk_pp_cid_character_360d,,对手方集中度: 付款侧转账(03) 360天 HHI,交易行为,支付交易行为特征
569,loancnt0,payer_txn_count_360d_v2,payer_txn_count_360d_v2,t4,pb_ads_credit.ads_ng_risk_pp_cid_character_360d,pb_ads_credit.ads_ng_risk_pp_cid_character_360d,,"付款方: 过去360天 [T-361, T-2] 付款笔数",交易行为,支付交易行为特征
570,loancnt0,fail_txn_ratio_180d_v2,fail_txn_ratio_180d_v2,t4,pb_ads_credit.ads_ng_risk_pp_cid_character_360d,pb_ads_credit.ads_ng_risk_pp_cid_character_360d,$.fail_txn_ratio_180d_v2,近180天失败率(失败/总尝试),交易行为,支付交易行为特征
571,loancnt0,phone_brand,phone_brand,t1,pb_ads_credit.direct_send_in_out_para_data_df,pb_ads_credit.direct_send_in_out_para_data_df,$.phone_brand,品牌,逾期催收,联系人网络与关联风险特征
572,loancnt0,same_full_name_differ_cnt_3d,same_full_name_differ_cnt_3d,t1,pb_ads_credit.direct_send_in_out_para_data_df,pb_ads_credit.direct_send_in_out_para_data_df,$.same_full_name_differ_cnt_3d,相同fullnamediffer次数3d,外部数据,多头查询与多证件关联特征
573,loancnt0,ng_appname_okash_dd,ng_appname_okash_dd,t1,pb_ads_credit.direct_send_in_out_para_data_df,pb_ads_credit.direct_send_in_out_para_data_df,$.ng_appname_okash_dd,OKash app安装时长,授信申请,移动设备与APP画像特征
574,loancnt0,payee_start_of_month_amount_ratio_90d_v2,payee_start_of_month_amount_ratio_90d_v2,t4,pb_ads_credit.ads_ng_risk_pp_cid_character_360d,pb_ads_credit.ads_ng_risk_pp_cid_character_360d,,收款方: 近90天 月初收款金额 / 总金额,交易行为,支付交易行为特征
575,loancnt0,payer_avg_txn_per_payee_shift_7d_vs_360d_v2,payer_avg_txn_per_payee_shift_7d_vs_360d_v2,t4,pb_ads_credit.ads_ng_risk_pp_cid_character_360d,pb_ads_credit.ads_ng_risk_pp_cid_character_360d,$.payer_avg_txn_per_payee_shift_7d_vs_360d_v2,付款方: (近7天人均笔数) - (近360天人均笔数) 漂移,交易行为,支付交易行为特征
576,loancnt0,payer_transfer_top1_amt_share_360d_v2,payer_transfer_top1_amt_share_360d_v2,t4,pb_ads_credit.ads_ng_risk_pp_cid_character_360d,pb_ads_credit.ads_ng_risk_pp_cid_character_360d,$.payer_transfer_top1_amt_share_360d_v2,对手方集中度: 付款侧转账Top1金额占比(30d),交易行为,支付交易行为特征
577,loancnt0,ng_collect_cuiji_unconnect_times_20d,ng_collect_cuiji_unconnect_times_20d,t1,pb_ads_credit.direct_send_in_out_para_data_df,pb_ads_credit.direct_send_in_out_para_data_df,$.ng_collect_cuiji_unconnect_times_20d,近20天催记联系不上次数,逾期催收,逾期表现特征
578,loancnt0,diff_balance_targetsaving_1day,diff_balance_targetsaving_1day,t11,pb_biz_credit.ng_pp_user_financial_feature_profile_di,pb_biz_credit.ng_pp_user_financial_feature_profile_di,,目标存净增额1d,授信申请,收入与财务画像特征
579,loancnt0,payee_low_mcht_amt_7d_v2,payee_low_mcht_amt_7d_v2,t4,pb_ads_credit.ads_ng_risk_pp_cid_character_360d,pb_ads_credit.ads_ng_risk_pp_cid_character_360d,$.payee_low_mcht_amt_7d_v2,收款方: 近7天低质商户金额(merchant_level=0/空),交易行为,支付交易行为特征
580,loancnt0,payee_eom_amount_ratio_15d_v2,payee_eom_amount_ratio_15d_v2,t4,pb_ads_credit.ads_ng_risk_pp_cid_character_360d,pb_ads_credit.ads_ng_risk_pp_cid_character_360d,,收款方: 近15天月底收款金额 / 总收款金额,交易行为,支付交易行为特征
581,loancnt0,payee_txn_per_day_60d_v2,payee_txn_per_day_60d_v2,t4,pb_ads_credit.ads_ng_risk_pp_cid_character_360d,pb_ads_credit.ads_ng_risk_pp_cid_character_360d,,"收款方: 过去60天 [T-61, T-2] 日均收款笔数 (用首T-2至今T-2天数做分母)",交易行为,支付交易行为特征
582,loancnt0,payer_recent_180_txn_share_7d_v2,payer_recent_180_txn_share_7d_v2,t4,pb_ads_credit.ads_ng_risk_pp_cid_character_360d,pb_ads_credit.ads_ng_risk_pp_cid_character_360d,$.payer_recent_180_txn_share_7d_v2,付款方: 近7天笔数 / 近180天笔数,交易行为,支付交易行为特征
583,loancnt0,payee_txn_per_day_90d_v2,payee_txn_per_day_90d_v2,t4,pb_ads_credit.ads_ng_risk_pp_cid_character_360d,pb_ads_credit.ads_ng_risk_pp_cid_character_360d,,"收款方: 过去90天 [T-91, T-2] 日均收款笔数 (用首T-2至今T-2天数做分母)",交易行为,支付交易行为特征
584,loancnt0,sum_total_interest,sum_total_interest,t11,pb_biz_credit.ng_pp_user_financial_feature_profile_di,pb_biz_credit.ng_pp_user_financial_feature_profile_di,$.sum_total_interest,cashbox和spendsave账户累计总利息,授信申请,收入与财务画像特征
585,loancnt0,payee_unknown_bank_cnt_share_180d_v2,payee_unknown_bank_cnt_share_180d_v2,t4,pb_ads_credit.ads_ng_risk_pp_cid_character_360d,pb_ads_credit.ads_ng_risk_pp_cid_character_360d,,收款方: 近180天未知银行笔数占总收款笔数,交易行为,支付交易行为特征
586,loancnt0,payer_txn_per_day_180d_v2,payer_txn_per_day_180d_v2,t4,pb_ads_credit.ads_ng_risk_pp_cid_character_360d,pb_ads_credit.ads_ng_risk_pp_cid_character_360d,,"付款方: 过去180天 [T-181, T-2] 日均付款笔数 (用首T-2至今T-2天数做分母)",交易行为,支付交易行为特征
587,loancnt0,airtime_cnt_3m,airtime_cnt_3m,t1,pb_ads_credit.direct_send_in_out_para_data_df,pb_ads_credit.direct_send_in_out_para_data_df,$.airtime_cnt_3m,近3个月话费充值次数,交易行为,支付交易行为特征
588,loancnt0,payee_weekend_amount_sum_ratio_15d_v2,payee_weekend_amount_sum_ratio_15d_v2,t4,pb_ads_credit.ads_ng_risk_pp_cid_character_360d,pb_ads_credit.ads_ng_risk_pp_cid_character_360d,,收款方: 近15天 周末收款金额 / 总金额,交易行为,支付交易行为特征
589,loancnt0,payee_recent_180_amount_share_7d_v2,payee_recent_180_amount_share_7d_v2,t4,pb_ads_credit.ads_ng_risk_pp_cid_character_360d,pb_ads_credit.ads_ng_risk_pp_cid_character_360d,$.payee_recent_180_amount_share_7d_v2,收款方: 近7天金额 / 近180天金额,交易行为,支付交易行为特征
590,loancnt0,payer_fee_cnt_360d_v2,payer_fee_cnt_360d_v2,t4,pb_ads_credit.ads_ng_risk_pp_cid_character_360d,pb_ads_credit.ads_ng_risk_pp_cid_character_360d,,"类别: 过去360天 [T-361, T-2] 费用(v6)笔数",交易行为,支付交易行为特征
591,loancnt0,ng_current_max_overdue_days_off,ng_current_max_overdue_days_off,t1,pb_ads_credit.direct_send_in_out_para_data_df,pb_ads_credit.direct_send_in_out_para_data_df,$.ng_current_max_overdue_days_off,C侧.基础信息.用户当前最大逾期天数_分案,逾期催收,逾期表现特征
592,loancnt0,payee_low_mcht_amt_share_60d_v2,payee_low_mcht_amt_share_60d_v2,t4,pb_ads_credit.ads_ng_risk_pp_cid_character_360d,pb_ads_credit.ads_ng_risk_pp_cid_character_360d,$.payee_low_mcht_amt_share_60d_v2,收款方: 近60天低质商户金额占比,交易行为,支付交易行为特征
593,loancnt0,cashout_to_inflow_ratio_360d_v2,cashout_to_inflow_ratio_360d_v2,t4,pb_ads_credit.ads_ng_risk_pp_cid_character_360d,pb_ads_credit.ads_ng_risk_pp_cid_character_360d,$.cashout_to_inflow_ratio_360d_v2,"类别衍生: 过去360天 [T-361, T-2] 取现总额 / 总流入金额 (分母为0时为NULL)",交易行为,支付交易行为特征
594,loancnt0,payer_recent_360_payee_share_15d_v2,payer_recent_360_payee_share_15d_v2,t4,pb_ads_credit.ads_ng_risk_pp_cid_character_360d,pb_ads_credit.ads_ng_risk_pp_cid_character_360d,,付款方: 近15天人数 / 近360天人数,交易行为,支付交易行为特征
595,loancnt0,payer_recent_360_payee_share_7d_v2,payer_recent_360_payee_share_7d_v2,t4,pb_ads_credit.ads_ng_risk_pp_cid_character_360d,pb_ads_credit.ads_ng_risk_pp_cid_character_360d,$.payer_recent_360_payee_share_7d_v2,付款方: 近7天人数 / 近360天人数,交易行为,支付交易行为特征
